dataset,drift_type,sensitivity,task,n_classes,config,model_type,warning_signal,drift_signal,status,n_events,tp,fp,n_intervals,cd_score,delay,false_warning_rate,quality_metric,quality_value,pool_size,secs,detail
recurring_gradual_rbf4_100k_g00.csv,gradual,high,multiclass,4,hf/error,hf,error,error,ok,10,3,6,3,0.0,500.0,0.9,accuracy,0.5996,8,210.4,
recurring_gradual_rbf4_100k_g00.csv,gradual,high,multiclass,4,hf/uq_vote,hf,vote_disagreement,error,ok,7,3,4,3,0.0,500.0,1.0,accuracy,0.6237,8,202.0,
recurring_gradual_rbf4_100k_g00.csv,gradual,high,multiclass,4,hf/uq_mi,hf,uq_mi,error,ok,5,1,3,3,0.0,354.0,0.6,accuracy,0.5256,6,153.6,
recurring_gradual_rbf4_100k_g00.csv,gradual,high,multiclass,4,hf/uq_var,hf,uq_variance,error,ok,5,1,4,3,0.0,500.0,1.0,accuracy,0.6075,6,156.9,
recurring_gradual_rbf4_100k_g00.csv,gradual,high,multiclass,4,hf15/error,hf,error,error,ok,10,2,6,3,0.0,500.0,1.0,accuracy,0.7003,8,439.8,
recurring_gradual_rbf4_100k_g00.csv,gradual,high,multiclass,4,hf15/uq_vote,hf,vote_disagreement,error,ok,6,3,3,3,0.0,428.7,0.833,accuracy,0.7054,7,421.8,
recurring_gradual_rbf4_100k_g00.csv,gradual,high,multiclass,4,hf15/uq_mi,hf,uq_mi,error,ok,5,2,3,3,0.0,500.0,1.0,accuracy,0.661,6,374.6,
recurring_gradual_rbf4_100k_g01.csv,gradual,high,multiclass,4,hf/error,hf,error,error,ok,9,2,5,2,0.0,500.0,1.0,accuracy,0.6273,5,128.5,
recurring_gradual_rbf4_100k_g01.csv,gradual,high,multiclass,4,hf/uq_vote,hf,vote_disagreement,error,ok,4,2,2,2,0.0,500.0,1.0,accuracy,0.6445,5,117.0,
recurring_gradual_rbf4_100k_g01.csv,gradual,high,multiclass,4,hf/uq_mi,hf,uq_mi,error,ok,2,0,2,2,0.0,500.0,1.0,accuracy,0.5912,3,118.9,
recurring_gradual_rbf4_100k_g01.csv,gradual,high,multiclass,4,hf/uq_var,hf,uq_variance,error,ok,1,0,1,2,0.0,500.0,1.0,accuracy,0.5939,2,118.6,
recurring_gradual_rbf4_100k_g01.csv,gradual,high,multiclass,4,hf15/error,hf,error,error,ok,8,1,7,2,0.0,500.0,1.0,accuracy,0.6808,6,396.0,
recurring_gradual_rbf4_100k_g01.csv,gradual,high,multiclass,4,hf15/uq_vote,hf,vote_disagreement,error,ok,4,2,2,2,0.0,500.0,1.0,accuracy,0.6561,5,361.7,
recurring_gradual_rbf4_100k_g01.csv,gradual,high,multiclass,4,hf15/uq_mi,hf,uq_mi,error,ok,2,0,2,2,0.0,500.0,0.5,accuracy,0.6929,3,360.8,
recurring_gradual_rbf4_100k_g00.csv,gradual,low,multiclass,4,hf/error,hf,error,error,ok,7,3,0,5,60.0,500.0,0.857,accuracy,0.5806,6,111.6,
recurring_gradual_rbf4_100k_g00.csv,gradual,low,multiclass,4,hf/uq_vote,hf,vote_disagreement,error,ok,3,3,0,5,60.0,500.0,1.0,accuracy,0.5952,4,80.7,
recurring_gradual_rbf4_100k_g00.csv,gradual,low,multiclass,4,hf/uq_mi,hf,uq_mi,error,ok,4,3,0,5,60.0,500.0,1.0,accuracy,0.5378,5,113.0,
recurring_gradual_rbf4_100k_g00.csv,gradual,low,multiclass,4,hf/uq_var,hf,uq_variance,error,ok,4,3,0,5,60.0,500.0,1.0,accuracy,0.5422,5,119.4,
recurring_gradual_rbf4_100k_g00.csv,gradual,low,multiclass,4,hf15/error,hf,error,error,ok,6,3,0,5,60.0,500.0,1.0,accuracy,0.6533,5,402.1,
recurring_gradual_rbf4_100k_g00.csv,gradual,low,multiclass,4,hf15/uq_vote,hf,vote_disagreement,error,ok,4,3,0,5,60.0,500.0,1.0,accuracy,0.6475,5,359.5,
recurring_gradual_rbf4_100k_g00.csv,gradual,low,multiclass,4,hf15/uq_mi,hf,uq_mi,error,ok,4,3,0,5,60.0,500.0,1.0,accuracy,0.5837,5,330.3,
recurring_gradual_rbf4_100k_g01.csv,gradual,low,multiclass,4,hf/error,hf,error,error,ok,10,2,4,2,0.0,500.0,1.0,accuracy,0.6376,4,139.0,
recurring_gradual_rbf4_100k_g01.csv,gradual,low,multiclass,4,hf/uq_vote,hf,vote_disagreement,error,ok,6,2,2,2,0.0,500.0,1.0,accuracy,0.6346,7,121.8,
recurring_gradual_rbf4_100k_g01.csv,gradual,low,multiclass,4,hf/uq_mi,hf,uq_mi,error,ok,3,2,1,2,50.0,378.5,0.667,accuracy,0.5457,4,108.7,
recurring_gradual_rbf4_100k_g01.csv,gradual,low,multiclass,4,hf/uq_var,hf,uq_variance,error,ok,4,2,1,2,50.0,394.5,0.75,accuracy,0.5977,5,119.5,
recurring_gradual_rbf4_100k_g01.csv,gradual,low,multiclass,4,hf15/error,hf,error,error,ok,8,2,3,2,0.0,500.0,1.0,accuracy,0.6639,5,409.5,
