dataset,config,n_steps,n_gt,n_det,tp,fp,cd,hit,echo_inwin,echo,orphan,dropped_confirms,n_swaps,swap_baseline,mae,secs
reg_gradual_20k.csv,htr/error,20000,2,8,2,4,0.0,2,2,2,2,0,12,0.18,2.531,10.8
reg_gradual_20k.csv,hfr/error,20000,2,7,2,2,0.0,2,3,0,2,0,10,0.108,2.7657,58.3
reg_recurring_20k.csv,htr/error,20000,5,17,5,6,0.0,5,6,4,2,0,29,0.256,2.8337,8.8
reg_recurring_20k.csv,hfr/error,20000,5,9,4,3,20.0,4,2,1,2,0,10,0.213,3.2236,62.0
reg_sudden_20k.csv,htr/error,20000,3,15,3,10,0.0,3,2,6,4,0,27,0.174,2.6473,8.2
reg_sudden_20k.csv,hfr/error,20000,3,6,3,2,33.3,3,1,2,0,0,7,0.141,2.679,59.5
sudden/low/recurring_sudden_friedman_100k_g00.csv,htr/error,100000,3,6,1,5,0.0,1,0,0,5,0,27,0.025,1.7328,48.7
sudden/low/recurring_sudden_friedman_100k_g00.csv,hfr/error,100000,3,3,0,3,0.0,0,0,0,3,0,54,0.041,2.8917,480.1
sudden/low/recurring_sudden_friedman_100k_g01.csv,htr/error,100000,3,10,1,9,0.0,1,0,1,8,0,38,0.039,1.9093,92.5
sudden/low/recurring_sudden_friedman_100k_g01.csv,hfr/error,100000,3,6,1,5,0.0,1,0,0,5,0,157,0.079,3.3715,1030.9
sudden/medium/recurring_sudden_friedman_100k_g00.csv,htr/error,100000,3,24,2,21,0.0,2,1,4,17,0,96,0.11,1.9896,143.9
sudden/medium/recurring_sudden_friedman_100k_g00.csv,hfr/error,100000,3,5,2,3,0.0,2,0,0,3,0,27,0.019,3.5405,610.0
sudden/medium/recurring_sudden_friedman_100k_g01.csv,htr/error,100000,3,8,3,4,0.0,3,1,0,4,0,9,0.03,1.8902,54.3
sudden/medium/recurring_sudden_friedman_100k_g01.csv,hfr/error,100000,3,4,2,2,0.0,2,0,0,2,0,67,0.044,3.5149,463.2
sudden/high/recurring_sudden_friedman_100k_g00.csv,htr/error,100000,3,13,3,9,0.0,3,1,1,8,0,60,0.032,1.8316,71.0
sudden/high/recurring_sudden_friedman_100k_g00.csv,hfr/error,100000,3,5,2,3,0.0,2,0,0,3,0,58,0.048,3.2931,575.3
sudden/high/recurring_sudden_friedman_100k_g01.csv,htr/error,100000,3,21,2,17,0.0,2,2,1,16,0,68,0.069,2.1753,103.4
sudden/high/recurring_sudden_friedman_100k_g01.csv,hfr/error,100000,3,8,3,5,0.0,3,0,1,4,0,38,0.056,4.1346,527.3
gradual/low/recurring_gradual_friedman_100k_g00.csv,htr/error,100000,2,10,2,4,0.0,2,4,0,4,0,119,0.094,2.0924,84.5
gradual/low/recurring_gradual_friedman_100k_g00.csv,hfr/error,100000,2,2,1,1,0.0,1,0,0,1,0,2,0.006,2.8755,560.5
gradual/low/recurring_gradual_friedman_100k_g01.csv,htr/error,100000,2,13,2,8,0.0,2,3,0,8,0,76,0.056,2.1695,93.2
gradual/low/recurring_gradual_friedman_100k_g01.csv,hfr/error,100000,2,1,1,0,50.0,1,0,0,0,0,20,0.016,2.9291,641.9
gradual/medium/recurring_gradual_friedman_100k_g00.csv,htr/error,100000,2,16,2,12,0.0,2,2,0,12,0,124,0.106,2.0602,99.6
gradual/medium/recurring_gradual_friedman_100k_g00.csv,hfr/error,100000,2,2,1,1,0.0,1,0,0,1,0,19,0.019,2.8557,636.1
gradual/medium/recurring_gradual_friedman_100k_g01.csv,htr/error,100000,2,6,2,3,0.0,2,1,0,3,0,14,0.024,1.9363,86.2
gradual/medium/recurring_gradual_friedman_100k_g01.csv,hfr/error,100000,2,2,1,1,0.0,1,0,0,1,0,79,0.047,2.741,543.4
gradual/high/recurring_gradual_friedman_100k_g00.csv,htr/error,100000,2,8,1,7,0.0,1,0,0,7,0,35,0.031,1.8574,54.3
gradual/high/recurring_gradual_friedman_100k_g00.csv,hfr/error,100000,2,3,1,2,0.0,1,0,0,2,0,48,0.032,2.8805,411.3
gradual/high/recurring_gradual_friedman_100k_g01.csv,htr/error,100000,2,11,2,9,0.0,2,0,0,9,0,123,0.08,1.8738,61.0
gradual/high/recurring_gradual_friedman_100k_g01.csv,hfr/error,100000,2,3,1,2,0.0,1,0,0,2,0,54,0.039,2.828,432.8
