file,timestamp,source,drift_type,ecpf_protocol,detector_type,warning_detector,drift_detector,warning_signal,drift_signal,uq_mode,uq_extracted,uq_raw,uq_smoothed,uq_scale,gddm_U,gddm_G_warning,gddm_G_drift,gddm_drift_type,candidate_drift,candidate_source,fast_path_score,gradual_path_score,validation_passed,validation_gap,hist_error,new_error,warning_start_t,confirmation_t,warning_age,buffer_len,pool_size,best_idx,acc_current_on_warning,acc_best_on_warning,acc_new_on_warning,setting
recurring_sud_sea100k_g01.csv,603,meta_ecpf_dwm,sudden,dwm_proxy_warning_then_voting_drift,,,,,,vote_disagreement,0.4,0.4,0.19371221213614048,,,,,,,,,,,,,,,,,7564,2,0,0.9316499206768906,0.9316499206768906,0.9521417239555791,E_vote_ecpf_dwm
recurring_sud_sea100k_g01.csv,9511,meta_ecpf_dwm,sudden,dwm_proxy_warning_then_voting_drift,,,,,,vote_disagreement,0.0,0.0,0.1198702932754884,,,,,,,,,,,,,,,,,32864,3,1,0.95414435248296,0.95414435248296,0.9555440603700097,E_vote_ecpf_dwm
recurring_sud_sea100k_g01.csv,43327,meta_ecpf_dwm,sudden,dwm_proxy_warning_then_voting_drift,,,,,,vote_disagreement,0.4,0.4,0.19161155446368602,,,,,,,,,,,,,,,,,4714,3,1,0.927874416631311,0.9431480695799745,0.9321170980059398,E_vote_ecpf_dwm
recurring_sud_sea100k_g02.csv,1080,meta_ecpf_dwm,sudden,dwm_proxy_warning_then_voting_drift,,,,,,vote_disagreement,0.4,0.4,0.16016325813066656,,,,,,,,,,,,,,,,,10313,2,0,0.9234946184427422,0.9234946184427422,0.9475419373606129,E_vote_ecpf_dwm
recurring_sud_sea100k_g03.csv,613,meta_ecpf_dwm,sudden,dwm_proxy_warning_then_voting_drift,,,,,,vote_disagreement,0.0,0.0,0.09756799674904199,,,,,,,,,,,,,,,,,8935,2,0,0.9307218802462227,0.9307218802462227,0.9697817571348629,E_vote_ecpf_dwm
recurring_sud_sea100k_g04.csv,2003,meta_ecpf_dwm,sudden,dwm_proxy_warning_then_voting_drift,,,,,,vote_disagreement,0.4,0.4,0.19584306017864883,,,,,,,,,,,,,,,,,16717,2,0,0.9518454268110307,0.9518454268110307,0.976371358497338,E_vote_ecpf_dwm
recurring_sud_sea100k_g04.csv,20573,meta_ecpf_dwm,sudden,dwm_proxy_warning_then_voting_drift,,,,,,vote_disagreement,0.4,0.4,0.076340475836534,,,,,,,,,,,,,,,,,3739,3,1,0.9416956405456004,0.9416956405456004,0.8646696977801551,E_vote_ecpf_dwm
recurring_sud_sea100k_g05.csv,906,meta_ecpf_dwm,sudden,dwm_proxy_warning_then_voting_drift,,,,,,vote_disagreement,0.4,0.4,0.1932319354798931,,,,,,,,,,,,,,,,,8996,2,0,0.9596487327701201,0.9596487327701201,0.9752112049799911,E_vote_ecpf_dwm
recurring_sud_sea100k_g05.csv,13258,meta_ecpf_dwm,sudden,dwm_proxy_warning_then_voting_drift,,,,,,vote_disagreement,0.4,0.4,0.15993815989724192,,,,,,,,,,,,,,,,,1624,3,1,0.9451970443349754,0.9451970443349754,0.9248768472906403,E_vote_ecpf_dwm
recurring_sud_sea100k_g05.csv,15206,meta_ecpf_dwm,sudden,dwm_proxy_warning_then_voting_drift,,,,,,vote_disagreement,0.19999999999999996,0.19999999999999996,0.1972830578116235,,,,,,,,,,,,,,,,,395,4,0,0.8708860759493671,0.9443037974683545,0.9468354430379747,E_vote_ecpf_dwm
recurring_sud_sea100k_g05.csv,16517,meta_ecpf_dwm,sudden,dwm_proxy_warning_then_voting_drift,,,,,,vote_disagreement,0.4,0.4,0.22478207285955124,,,,,,,,,,,,,,,,,9390,4,3,0.9594249201277956,0.9594249201277956,0.9827476038338658,E_vote_ecpf_dwm
recurring_sud_sea100k_g06.csv,1541,meta_ecpf_dwm,sudden,dwm_proxy_warning_then_voting_drift,,,,,,vote_disagreement,0.19999999999999996,0.19999999999999996,0.16294180197819813,,,,,,,,,,,,,,,,,13852,2,0,0.9561796130522668,0.9561796130522668,0.903263066705169,E_vote_ecpf_dwm
recurring_sud_sea100k_g06.csv,16609,meta_ecpf_dwm,sudden,dwm_proxy_warning_then_voting_drift,,,,,,vote_disagreement,0.19999999999999996,0.19999999999999996,0.13234899693597266,,,,,,,,,,,,,,,,,10031,3,1,0.9109759744791147,0.9109759744791147,0.9172565048350114,E_vote_ecpf_dwm
recurring_sud_sea100k_g06.csv,27223,meta_ecpf_dwm,sudden,dwm_proxy_warning_then_voting_drift,,,,,,vote_disagreement,0.0,0.0,0.11255427276952512,,,,,,,,,,,,,,,,,2048,4,1,0.90673828125,0.91015625,0.88525390625,E_vote_ecpf_dwm
recurring_sud_sea100k_g06.csv,30301,meta_ecpf_dwm,sudden,dwm_proxy_warning_then_voting_drift,,,,,,vote_disagreement,0.19999999999999996,0.19999999999999996,0.18538343580375496,,,,,,,,,,,,,,,,,14926,4,3,0.9192683907275895,0.9192683907275895,0.9120326946268257,E_vote_ecpf_dwm
recurring_sud_sea100k_g07.csv,1237,meta_ecpf_dwm,sudden,dwm_proxy_warning_then_voting_drift,,,,,,vote_disagreement,0.4,0.4,0.19570770369010634,,,,,,,,,,,,,,,,,8686,2,0,0.944508404328805,0.944508404328805,0.9276997467188579,E_vote_ecpf_dwm
recurring_sud_sea100k_g07.csv,10433,meta_ecpf_dwm,sudden,dwm_proxy_warning_then_voting_drift,,,,,,vote_disagreement,0.4,0.4,0.19112864627010676,,,,,,,,,,,,,,,,,6245,3,0,0.9370696557245797,0.9370696557245797,0.933386709367494,E_vote_ecpf_dwm
recurring_sud_sea100k_g07.csv,16859,meta_ecpf_dwm,sudden,dwm_proxy_warning_then_voting_drift,,,,,,vote_disagreement,0.4,0.4,0.19287866115887553,,,,,,,,,,,,,,,,,15083,3,2,0.9555128290127959,0.9555128290127959,0.9290592057283034,E_vote_ecpf_dwm
recurring_sud_sea100k_g07.csv,33179,meta_ecpf_dwm,sudden,dwm_proxy_warning_then_voting_drift,,,,,,vote_disagreement,0.4,0.4,0.15613926422007357,,,,,,,,,,,,,,,,,12288,3,1,0.9527180989583334,0.9527180989583334,0.9588216145833334,E_vote_ecpf_dwm
recurring_sud_sea100k_g07.csv,46250,meta_ecpf_dwm,sudden,dwm_proxy_warning_then_voting_drift,,,,,,vote_disagreement,0.19999999999999996,0.19999999999999996,0.09421347423362902,,,,,,,,,,,,,,,,,8943,4,2,0.9287711058928771,0.9499049535949905,0.9406239516940624,E_vote_ecpf_dwm
recurring_sud_sea100k_g07.csv,55672,meta_ecpf_dwm,sudden,dwm_proxy_warning_then_voting_drift,,,,,,vote_disagreement,0.0,0.0,0.07835270505275982,,,,,,,,,,,,,,,,,7081,4,2,0.9285411665019065,0.9457703714164666,0.9405451207456574,E_vote_ecpf_dwm
recurring_sud_sea100k_g09.csv,502,meta_ecpf_dwm,sudden,dwm_proxy_warning_then_voting_drift,,,,,,vote_disagreement,0.4,0.4,0.1787322571988251,,,,,,,,,,,,,,,,,7534,2,0,0.8842580302628086,0.8842580302628086,0.9620387576320679,E_vote_ecpf_dwm
recurring_sud_sea100k_g09.csv,8561,meta_ecpf_dwm,sudden,dwm_proxy_warning_then_voting_drift,,,,,,vote_disagreement,0.0,0.0,0.13643748420773064,,,,,,,,,,,,,,,,,22483,3,1,0.8973446604100876,0.8973446604100876,0.9069963972779433,E_vote_ecpf_dwm
recurring_sud_sea100k_g09.csv,31811,meta_ecpf_dwm,sudden,dwm_proxy_warning_then_voting_drift,,,,,,vote_disagreement,0.0,0.0,0.10175904417373952,,,,,,,,,,,,,,,,,8121,4,2,0.9388006403152321,0.9388006403152321,0.9193449082625292,E_vote_ecpf_dwm
recurring_sud_sea100k_g09.csv,40942,meta_ecpf_dwm,sudden,dwm_proxy_warning_then_voting_drift,,,,,,vote_disagreement,0.4,0.4,0.20258893600814531,,,,,,,,,,,,,,,,,3394,5,3,0.9499116087212728,0.9499116087212728,0.9684737772539777,E_vote_ecpf_dwm
recurring_sud_sea100k_g09.csv,45206,meta_ecpf_dwm,sudden,dwm_proxy_warning_then_voting_drift,,,,,,vote_disagreement,0.19999999999999996,0.19999999999999996,0.1439927860806435,,,,,,,,,,,,,,,,,5920,6,4,0.9746621621621622,0.9746621621621622,0.9636824324324325,E_vote_ecpf_dwm
recurring_sud_sea100k_g09.csv,51903,meta_ecpf_dwm,sudden,dwm_proxy_warning_then_voting_drift,,,,,,vote_disagreement,0.19999999999999996,0.19999999999999996,0.13746970723013716,,,,,,,,,,,,,,,,,19280,7,2,0.9117219917012448,0.9176867219917012,0.9106327800829875,E_vote_ecpf_dwm
recurring_sud_sea100k_g09.csv,71640,meta_ecpf_dwm,sudden,dwm_proxy_warning_then_voting_drift,,,,,,vote_disagreement,0.19999999999999996,0.19999999999999996,0.06967459851331798,,,,,,,,,,,,,,,,,13423,8,2,0.924011025851151,0.9456157341875885,0.9187960962527005,E_vote_ecpf_dwm
recurring_sud_sea100k_g09.csv,86349,meta_ecpf_dwm,sudden,dwm_proxy_warning_then_voting_drift,,,,,,vote_disagreement,0.4,0.4,0.25107443916007527,,,,,,,,,,,,,,,,,3118,7,4,0.7168056446440025,0.9797947402180885,0.982360487491982,E_vote_ecpf_dwm
recurring_sud_sea100k_g09.csv,89659,meta_ecpf_dwm,sudden,dwm_proxy_warning_then_voting_drift,,,,,,vote_disagreement,0.19999999999999996,0.19999999999999996,0.14368768693959713,,,,,,,,,,,,,,,,,4355,7,2,0.8810562571756602,0.9292766934557979,0.9148105625717566,E_vote_ecpf_dwm
