warning_t,confirmation_t,confirm_age,label,gap_prev_gt,gap_next_gt,gap_prev_det,norm_before,norm_after,norm_delta,direction,raw_before,raw_after,raw_rel_change,discord,swap_gap,swap_within,dataset,config,stage3
2471,2503,32,orphan,,3279,,0.4451,0.443,-0.0021,flat,2.4467,2.2759,-0.0698,masked_fall,,0,reg_gradual_20k.csv,htr/error,"{""buffer_len"": 33, ""merged"": [], ""collection_size"": 2, ""current_idx"": 1, ""best_idx"": 0, ""acc_current_on_warning"": 0.5611054046872337, ""acc_best_on_warning"": 0.5611054046872337, ""acc_new_on_warning"": 0.379725570386081, ""winner_initial"": ""reused_copy"", ""acc_on_buffer"": {""0"": 0.5611054046872337}, ""similarity_metric"": ""residual_pearson"", ""merge_pairs"": [], ""slot_eras"": {""0"": 0, ""1"": 1}, ""score_semanti"
5991,6023,32,hit,241,6759,3520,0.4948,0.6274,0.1326,rise,2.8589,5.3189,0.8605,,3486,0,reg_gradual_20k.csv,htr/error,"{""buffer_len"": 33, ""merged"": [0], ""collection_size"": 2, ""current_idx"": 2, ""best_idx"": 1, ""acc_current_on_warning"": 0.3262473144234983, ""acc_best_on_warning"": 0.3262473144234983, ""acc_new_on_warning"": 0.3306656053864244, ""winner_initial"": ""reused_copy"", ""acc_on_buffer"": {""1"": 0.3262473144234983}, ""similarity_metric"": ""residual_pearson"", ""merge_pairs"": [[1, 0]], ""slot_eras"": {""0"": 0, ""1"": 1, ""2"": 2}"
6535,6535,0,echo_inwin,785,6215,544,0.623,0.5257,-0.0973,fall,5.258,3.2511,-0.3817,,323,1,reg_gradual_20k.csv,htr/error,"{""buffer_len"": 1, ""merged"": [], ""collection_size"": 3, ""current_idx"": 3, ""best_idx"": 2, ""acc_current_on_warning"": 0.43287269293141173, ""acc_best_on_warning"": 0.43287269293141173, ""acc_new_on_warning"": 0.0, ""winner_initial"": ""reused_copy"", ""acc_on_buffer"": {""1"": 0.0, ""2"": 0.43287269293141173}, ""similarity_metric"": ""residual_pearson"", ""merge_pairs"": [], ""slot_eras"": {""0"": 0, ""1"": 1, ""2"": 2, ""3"": 3}, "
7303,9799,2496,echo,1553,5447,768,0.5082,0.4214,-0.0868,fall,2.945,1.627,-0.4475,,726,0,reg_gradual_20k.csv,htr/error,"{""buffer_len"": 2497, ""merged"": [2], ""collection_size"": 3, ""current_idx"": 4, ""best_idx"": 3, ""acc_current_on_warning"": 0.5056145541303029, ""acc_best_on_warning"": 0.5056145541303029, ""acc_new_on_warning"": 0.582610232329633, ""winner_initial"": ""reused_copy"", ""acc_on_buffer"": {""1"": 0.19515695352949547, ""3"": 0.5056145541303029}, ""similarity_metric"": ""residual_pearson"", ""merge_pairs"": [[1, 2]], ""slot_eras"
12967,12967,0,hit,217,,5664,0.4604,0.7211,0.2607,rise,2.43,6.469,1.6622,,3166,0,reg_gradual_20k.csv,htr/error,"{""buffer_len"": 1, ""merged"": [], ""collection_size"": 4, ""current_idx"": 5, ""best_idx"": 1, ""acc_current_on_warning"": 0.0, ""acc_best_on_warning"": 0.0, ""acc_new_on_warning"": 0.4509887811975448, ""winner_initial"": ""reused_copy"", ""acc_on_buffer"": {""1"": 0.0, ""3"": 0.0, ""4"": 0.0}, ""similarity_metric"": ""residual_pearson"", ""merge_pairs"": [], ""slot_eras"": {""0"": 0, ""1"": 1, ""2"": 2, ""3"": 3, ""4"": 4, ""5"": 5}, ""score_"
13767,13831,64,echo_inwin,1017,,800,0.6681,0.5349,-0.1332,fall,5.4905,3.4759,-0.3669,,799,0,reg_gradual_20k.csv,htr/error,"{""buffer_len"": 65, ""merged"": [1, 3, 5], ""collection_size"": 2, ""current_idx"": 6, ""best_idx"": 4, ""acc_current_on_warning"": 0.1465508619358019, ""acc_best_on_warning"": 0.1465508619358019, ""acc_new_on_warning"": 0.30563097813672435, ""winner_initial"": ""reused_copy"", ""acc_on_buffer"": {""4"": 0.1465508619358019}, ""similarity_metric"": ""residual_pearson"", ""merge_pairs"": [[4, 1], [4, 3], [4, 5]], ""slot_eras"": {"
14311,14599,288,echo,1561,,544,0.5373,0.4735,-0.0638,fall,3.5134,2.3136,-0.3415,,479,1,reg_gradual_20k.csv,htr/error,"{""buffer_len"": 289, ""merged"": [], ""collection_size"": 3, ""current_idx"": 7, ""best_idx"": 6, ""acc_current_on_warning"": 0.48349005266548983, ""acc_best_on_warning"": 0.48349005266548983, ""acc_new_on_warning"": 0.40842893107807243, ""winner_initial"": ""reused_copy"", ""acc_on_buffer"": {""4"": 0.16458590847494037, ""6"": 0.48349005266548983}, ""similarity_metric"": ""residual_pearson"", ""merge_pairs"": [], ""slot_eras"": "
17415,17479,64,orphan,4665,,3104,0.4445,0.4377,-0.0068,flat,1.8063,1.6741,-0.0732,masked_fall,3583,0,reg_gradual_20k.csv,htr/error,"{""buffer_len"": 65, ""merged"": [], ""collection_size"": 4, ""current_idx"": 8, ""best_idx"": 7, ""acc_current_on_warning"": 0.5703412123263887, ""acc_best_on_warning"": 0.5703412123263887, ""acc_new_on_warning"": 0.3182243603096909, ""winner_initial"": ""reused_copy"", ""acc_on_buffer"": {""4"": 0.18935860533820248, ""6"": 0.49011914917149013, ""7"": 0.5703412123263887}, ""similarity_metric"": ""residual_pearson"", ""merge_pair"
6055,6055,0,hit,305,6695,,0.5498,0.6388,0.0889,rise,3.5166,5.123,0.4568,,,0,reg_gradual_20k.csv,hfr/error,"{""buffer_len"": 1, ""merged"": [], ""collection_size"": 2, ""current_idx"": 1, ""best_idx"": 0, ""acc_current_on_warning"": 0.0, ""acc_best_on_warning"": 0.0, ""acc_new_on_warning"": 0.7075071351148314, ""winner_initial"": ""reused_copy"", ""acc_on_buffer"": {""0"": 0.0}, ""similarity_metric"": ""residual_pearson"", ""merge_pairs"": [], ""slot_eras"": {""0"": 0, ""1"": 1}, ""score_semantics"": ""1_minus_mean_normalized_residual""}"
6567,6567,0,echo_inwin,817,6183,512,0.6343,0.5354,-0.0989,fall,5.0315,3.2449,-0.3551,,324,1,reg_gradual_20k.csv,hfr/error,"{""buffer_len"": 1, ""merged"": [], ""collection_size"": 3, ""current_idx"": 2, ""best_idx"": 1, ""acc_current_on_warning"": 0.17605440086513724, ""acc_best_on_warning"": 0.17605440086513724, ""acc_new_on_warning"": 0.688674898734843, ""winner_initial"": ""reused_copy"", ""acc_on_buffer"": {""0"": 0.0, ""1"": 0.17605440086513724}, ""similarity_metric"": ""residual_pearson"", ""merge_pairs"": [], ""slot_eras"": {""0"": 0, ""1"": 1, ""2"""
10151,10151,0,orphan,4401,2599,3584,0.5034,0.4946,-0.0088,flat,2.8411,2.7206,-0.0424,,3908,0,reg_gradual_20k.csv,hfr/error,"{""buffer_len"": 1, ""merged"": [], ""collection_size"": 4, ""current_idx"": 3, ""best_idx"": 2, ""acc_current_on_warning"": 0.3694994275839363, ""acc_best_on_warning"": 0.3694994275839363, ""acc_new_on_warning"": 0.7041882411463047, ""winner_initial"": ""reused_copy"", ""acc_on_buffer"": {""0"": 0.0, ""1"": 0.06369336028612216, ""2"": 0.3694994275839363}, ""similarity_metric"": ""residual_pearson"", ""merge_pairs"": [], ""slot_era"
13063,13063,0,hit,313,,2912,0.5604,0.6099,0.0496,rise,4.3646,4.8294,0.1065,,6820,0,reg_gradual_20k.csv,hfr/error,"{""buffer_len"": 1, ""merged"": [], ""collection_size"": 5, ""current_idx"": 4, ""best_idx"": 2, ""acc_current_on_warning"": 0.608406242117419, ""acc_best_on_warning"": 0.6695946677085469, ""acc_new_on_warning"": 0.6989353610772207, ""winner_initial"": ""reused_copy"", ""acc_on_buffer"": {""0"": 0.6177488158044757, ""1"": 0.6623991876623623, ""2"": 0.6695946677085469, ""3"": 0.608406242117419}, ""similarity_metric"": ""residual_p"
13511,13511,0,echo_inwin,761,,448,0.6085,0.5315,-0.077,fall,4.9249,3.485,-0.2924,,427,1,reg_gradual_20k.csv,hfr/error,"{""buffer_len"": 1, ""merged"": [], ""collection_size"": 6, ""current_idx"": 5, ""best_idx"": 0, ""acc_current_on_warning"": 0.4567456875376297, ""acc_best_on_warning"": 0.5480353718745459, ""acc_new_on_warning"": 0.6969819892030344, ""winner_initial"": ""reused_copy"", ""acc_on_buffer"": {""0"": 0.5480353718745459, ""1"": 0.4495704898860978, ""2"": 0.2454553575279319, ""3"": 0.19068360657493755, ""4"": 0.4567456875376297}, ""sim"
13767,13991,224,echo_inwin,1017,,256,0.5472,0.4938,-0.0534,fall,3.71,2.8486,-0.2322,,255,1,reg_gradual_20k.csv,hfr/error,"{""buffer_len"": 225, ""merged"": [1, 2, 3, 4, 5], ""collection_size"": 2, ""current_idx"": 6, ""best_idx"": 0, ""acc_current_on_warning"": 0.09458203160098955, ""acc_best_on_warning"": 0.09458203160098955, ""acc_new_on_warning"": 0.4903751832912314, ""winner_initial"": ""reused_copy"", ""acc_on_buffer"": {""0"": 0.09458203160098955}, ""similarity_metric"": ""residual_pearson"", ""merge_pairs"": [[0, 1], [0, 2], [0, 3], [0, 4]"
16327,17063,736,orphan,3577,,2560,0.4594,0.4567,-0.0027,flat,2.2986,2.2224,-0.0331,,2334,0,reg_gradual_20k.csv,hfr/error,"{""buffer_len"": 737, ""merged"": [0], ""collection_size"": 2, ""current_idx"": 7, ""best_idx"": 6, ""acc_current_on_warning"": 0.5454522978284735, ""acc_best_on_warning"": 0.5454522978284735, ""acc_new_on_warning"": 0.5207050960020592, ""winner_initial"": ""reused_copy"", ""acc_on_buffer"": {""6"": 0.5454522978284735}, ""similarity_metric"": ""residual_pearson"", ""merge_pairs"": [[6, 0]], ""slot_eras"": {""0"": 0, ""1"": 1, ""2"": 2"
2471,2520,49,orphan,,3279,,0.4451,0.4394,-0.0057,flat,2.4467,2.2229,-0.0915,masked_fall,,0,reg_gradual_20k.csv,htr-mwa50/error,"{""buffer_len"": 50, ""merged"": [], ""collection_size"": 2, ""current_idx"": 1, ""best_idx"": 0, ""acc_current_on_warning"": 0.5439386232092744, ""acc_best_on_warning"": 0.5439386232092744, ""acc_new_on_warning"": 0.35515602197739227, ""winner_initial"": ""reused_copy"", ""acc_on_buffer"": {""0"": 0.5439386232092744}, ""similarity_metric"": ""residual_pearson"", ""merge_pairs"": [], ""slot_eras"": {""0"": 0, ""1"": 1}, ""score_seman"
5991,6040,49,hit,241,6759,3520,0.4945,0.6227,0.1282,rise,2.8561,5.2003,0.8208,,,0,reg_gradual_20k.csv,htr-mwa50/error,"{""buffer_len"": 50, ""merged"": [0], ""collection_size"": 2, ""current_idx"": 2, ""best_idx"": 1, ""acc_current_on_warning"": 0.3288249848217596, ""acc_best_on_warning"": 0.3288249848217596, ""acc_new_on_warning"": 0.32525290531274464, ""winner_initial"": ""reused_copy"", ""acc_on_buffer"": {""1"": 0.3288249848217596}, ""similarity_metric"": ""residual_pearson"", ""merge_pairs"": [[1, 0]], ""slot_eras"": {""0"": 0, ""1"": 1, ""2"": 2"
6503,6552,49,echo_inwin,753,6247,512,0.6301,0.6237,-0.0064,flat,5.3627,5.1565,-0.0385,,293,1,reg_gradual_20k.csv,htr-mwa50/error,"{""buffer_len"": 50, ""merged"": [2], ""collection_size"": 2, ""current_idx"": 3, ""best_idx"": 1, ""acc_current_on_warning"": 0.22955698506402522, ""acc_best_on_warning"": 0.22955698506402522, ""acc_new_on_warning"": 0.2901459695589864, ""winner_initial"": ""reused_copy"", ""acc_on_buffer"": {""1"": 0.22955698506402522}, ""similarity_metric"": ""residual_pearson"", ""merge_pairs"": [[1, 2]], ""slot_eras"": {""0"": 0, ""1"": 1, ""2"":"
6823,6872,49,echo_inwin,1073,5927,320,0.6024,0.5971,-0.0053,flat,4.6284,4.6607,0.007,,270,1,reg_gradual_20k.csv,htr-mwa50/error,"{""buffer_len"": 50, ""merged"": [3], ""collection_size"": 2, ""current_idx"": 4, ""best_idx"": 1, ""acc_current_on_warning"": 0.16704125970671446, ""acc_best_on_warning"": 0.16704125970671446, ""acc_new_on_warning"": 0.28245890545131336, ""winner_initial"": ""reused_copy"", ""acc_on_buffer"": {""1"": 0.16704125970671446}, ""similarity_metric"": ""residual_pearson"", ""merge_pairs"": [[1, 3]], ""slot_eras"": {""0"": 0, ""1"": 1, ""2"""
7175,7975,800,echo_inwin,1425,5575,352,0.5887,0.5203,-0.0684,fall,4.4848,3.4204,-0.2373,,302,1,reg_gradual_20k.csv,htr-mwa50/error,"{""buffer_len"": 801, ""merged"": [4], ""collection_size"": 2, ""current_idx"": 5, ""best_idx"": 1, ""acc_current_on_warning"": 0.2116499011797367, ""acc_best_on_warning"": 0.2116499011797367, ""acc_new_on_warning"": 0.4912094646744153, ""winner_initial"": ""reused_copy"", ""acc_on_buffer"": {""1"": 0.2116499011797367}, ""similarity_metric"": ""residual_pearson"", ""merge_pairs"": [[1, 4]], ""slot_eras"": {""0"": 0, ""1"": 1, ""2"": 2"
8999,9048,49,orphan,3249,3751,1824,0.4787,0.4586,-0.0201,fall,2.7362,2.3788,-0.1307,,1023,0,reg_gradual_20k.csv,htr-mwa50/error,"{""buffer_len"": 50, ""merged"": [], ""collection_size"": 3, ""current_idx"": 6, ""best_idx"": 5, ""acc_current_on_warning"": 0.5445973440318697, ""acc_best_on_warning"": 0.5445973440318697, ""acc_new_on_warning"": 0.32685875864526936, ""winner_initial"": ""reused_copy"", ""acc_on_buffer"": {""1"": 0.20586686663766907, ""5"": 0.5445973440318697}, ""similarity_metric"": ""residual_pearson"", ""merge_pairs"": [], ""slot_eras"": {""0"""
10183,10823,640,orphan,4433,2567,1184,0.4302,0.4324,0.0023,flat,1.8709,1.8207,-0.0268,,1133,0,reg_gradual_20k.csv,htr-mwa50/error,"{""buffer_len"": 641, ""merged"": [5], ""collection_size"": 3, ""current_idx"": 7, ""best_idx"": 6, ""acc_current_on_warning"": 0.5676855210850766, ""acc_best_on_warning"": 0.5676855210850766, ""acc_new_on_warning"": 0.4741107334519258, ""winner_initial"": ""reused_copy"", ""acc_on_buffer"": {""1"": 0.19133289111324137, ""6"": 0.5676855210850766}, ""similarity_metric"": ""residual_pearson"", ""merge_pairs"": [[6, 5]], ""slot_eras"
12967,13016,49,hit,217,,2784,0.4681,0.6882,0.2201,rise,2.6817,6.5797,1.4536,,3917,0,reg_gradual_20k.csv,htr-mwa50/error,"{""buffer_len"": 50, ""merged"": [6], ""collection_size"": 3, ""current_idx"": 8, ""best_idx"": 7, ""acc_current_on_warning"": 0.3256174115187045, ""acc_best_on_warning"": 0.3256174115187045, ""acc_new_on_warning"": 0.26801157785965346, ""winner_initial"": ""reused_copy"", ""acc_on_buffer"": {""1"": 0.0796474993593067, ""7"": 0.3256174115187045}, ""similarity_metric"": ""residual_pearson"", ""merge_pairs"": [[7, 6]], ""slot_eras"""
13863,13912,49,echo_inwin,1113,,896,0.6257,0.6048,-0.0208,fall,5.1474,4.9126,-0.0456,fake_fall,699,0,reg_gradual_20k.csv,htr-mwa50/error,"{""buffer_len"": 50, ""merged"": [8], ""collection_size"": 3, ""current_idx"": 9, ""best_idx"": 1, ""acc_current_on_warning"": 0.16981913462194653, ""acc_best_on_warning"": 0.16981913462194653, ""acc_new_on_warning"": 0.6325913244519027, ""winner_initial"": ""reused_copy"", ""acc_on_buffer"": {""1"": 0.16981913462194653, ""7"": 0.14924696241638868}, ""similarity_metric"": ""residual_pearson"", ""merge_pairs"": [[7, 8]], ""slot_er"
14791,14840,49,echo,2041,,928,0.542,0.512,-0.03,fall,3.772,3.249,-0.1386,,878,0,reg_gradual_20k.csv,htr-mwa50/error,"{""buffer_len"": 50, ""merged"": [1], ""collection_size"": 3, ""current_idx"": 10, ""best_idx"": 9, ""acc_current_on_warning"": 0.4762246532397785, ""acc_best_on_warning"": 0.4762246532397785, ""acc_new_on_warning"": 0.316333939556973, ""winner_initial"": ""reused_copy"", ""acc_on_buffer"": {""7"": 0.1657709502116106, ""9"": 0.4762246532397785}, ""similarity_metric"": ""residual_pearson"", ""merge_pairs"": [[7, 1]], ""slot_eras"":"
16551,16615,64,orphan,3801,,1760,0.4731,0.4685,-0.0046,flat,2.5626,2.4697,-0.0363,,2638,0,reg_gradual_20k.csv,htr-mwa50/error,"{""buffer_len"": 65, ""merged"": [9], ""collection_size"": 3, ""current_idx"": 11, ""best_idx"": 10, ""acc_current_on_warning"": 0.5322188662846554, ""acc_best_on_warning"": 0.5322188662846554, ""acc_new_on_warning"": 0.3430570559559759, ""winner_initial"": ""reused_copy"", ""acc_on_buffer"": {""7"": 0.18665893048302973, ""10"": 0.5322188662846554}, ""similarity_metric"": ""residual_pearson"", ""merge_pairs"": [[10, 9]], ""slot_e"
6055,6104,49,hit,305,6695,,0.5498,0.6173,0.0674,rise,3.5166,4.5916,0.3057,,,0,reg_gradual_20k.csv,hfr-mwa50/error,"{""buffer_len"": 50, ""merged"": [], ""collection_size"": 2, ""current_idx"": 1, ""best_idx"": 0, ""acc_current_on_warning"": 0.2968187724208261, ""acc_best_on_warning"": 0.2968187724208261, ""acc_new_on_warning"": 0.24891190582265155, ""winner_initial"": ""reused_copy"", ""acc_on_buffer"": {""0"": 0.2968187724208261}, ""similarity_metric"": ""residual_pearson"", ""merge_pairs"": [], ""slot_eras"": {""0"": 0, ""1"": 1}, ""score_seman"
6535,6584,49,echo_inwin,785,6215,480,0.6361,0.5206,-0.1155,fall,5.065,3.0033,-0.407,,346,1,reg_gradual_20k.csv,hfr-mwa50/error,"{""buffer_len"": 50, ""merged"": [1], ""collection_size"": 2, ""current_idx"": 2, ""best_idx"": 0, ""acc_current_on_warning"": 0.2303332429733106, ""acc_best_on_warning"": 0.2303332429733106, ""acc_new_on_warning"": 0.43912582788252474, ""winner_initial"": ""reused_copy"", ""acc_on_buffer"": {""0"": 0.2303332429733106}, ""similarity_metric"": ""residual_pearson"", ""merge_pairs"": [[0, 1]], ""slot_eras"": {""0"": 0, ""1"": 1, ""2"": 2"
13063,13112,49,hit,313,,6528,0.5684,0.5765,0.0081,flat,4.417,4.1314,-0.0647,masked_fall,6478,0,reg_gradual_20k.csv,hfr-mwa50/error,"{""buffer_len"": 50, ""merged"": [2], ""collection_size"": 2, ""current_idx"": 3, ""best_idx"": 0, ""acc_current_on_warning"": 0.09632946894308692, ""acc_best_on_warning"": 0.09632946894308692, ""acc_new_on_warning"": 0.37172633977952596, ""winner_initial"": ""reused_copy"", ""acc_on_buffer"": {""0"": 0.09632946894308692}, ""similarity_metric"": ""residual_pearson"", ""merge_pairs"": [[0, 2]], ""slot_eras"": {""0"": 0, ""1"": 1, ""2"""
13511,13560,49,echo_inwin,761,,448,0.616,0.5029,-0.1131,fall,5.0897,2.9172,-0.4268,,398,1,reg_gradual_20k.csv,hfr-mwa50/error,"{""buffer_len"": 50, ""merged"": [3], ""collection_size"": 2, ""current_idx"": 4, ""best_idx"": 0, ""acc_current_on_warning"": 0.09332688122423705, ""acc_best_on_warning"": 0.09332688122423705, ""acc_new_on_warning"": 0.42462877042659986, ""winner_initial"": ""reused_copy"", ""acc_on_buffer"": {""0"": 0.09332688122423705}, ""similarity_metric"": ""residual_pearson"", ""merge_pairs"": [[0, 3]], ""slot_eras"": {""0"": 0, ""1"": 1, ""2"""
14407,15431,1024,echo,1657,,896,0.4726,0.4744,0.0019,flat,2.4657,2.4624,-0.0013,,846,0,reg_gradual_20k.csv,hfr-mwa50/error,"{""buffer_len"": 1025, ""merged"": [0], ""collection_size"": 2, ""current_idx"": 5, ""best_idx"": 4, ""acc_current_on_warning"": 0.5244525022415426, ""acc_best_on_warning"": 0.5244525022415426, ""acc_new_on_warning"": 0.5346955502851389, ""winner_initial"": ""reused_copy"", ""acc_on_buffer"": {""4"": 0.5244525022415426}, ""similarity_metric"": ""residual_pearson"", ""merge_pairs"": [[4, 0]], ""slot_eras"": {""0"": 0, ""1"": 1, ""2"": "
1991,1991,0,orphan,,1342,,0.4564,0.4513,-0.0051,flat,2.5249,2.2869,-0.0943,masked_fall,,0,reg_recurring_20k.csv,htr/error,"{""buffer_len"": 1, ""merged"": [], ""collection_size"": 2, ""current_idx"": 1, ""best_idx"": 0, ""acc_current_on_warning"": 0.5945925561127641, ""acc_best_on_warning"": 0.5945925561127641, ""acc_new_on_warning"": 0.0, ""winner_initial"": ""reused_copy"", ""acc_on_buffer"": {""0"": 0.5945925561127641}, ""similarity_metric"": ""residual_pearson"", ""merge_pairs"": [], ""slot_eras"": {""0"": 0, ""1"": 1}, ""score_semantics"": ""1_minus_m"
3399,3431,32,hit,66,3267,1408,0.5191,0.5956,0.0765,rise,3.662,4.9971,0.3646,,,0,reg_recurring_20k.csv,htr/error,"{""buffer_len"": 33, ""merged"": [1], ""collection_size"": 2, ""current_idx"": 2, ""best_idx"": 0, ""acc_current_on_warning"": 0.18410891660820927, ""acc_best_on_warning"": 0.18410891660820927, ""acc_new_on_warning"": 0.33924234951090027, ""winner_initial"": ""reused_copy"", ""acc_on_buffer"": {""0"": 0.18410891660820927}, ""similarity_metric"": ""residual_pearson"", ""merge_pairs"": [[0, 1]], ""slot_eras"": {""0"": 0, ""1"": 1, ""2"""
3751,3879,128,echo_inwin,418,2915,352,0.6232,0.5515,-0.0717,fall,5.8323,4.2675,-0.2683,,315,1,reg_recurring_20k.csv,htr/error,"{""buffer_len"": 129, ""merged"": [2], ""collection_size"": 2, ""current_idx"": 3, ""best_idx"": 0, ""acc_current_on_warning"": 0.2604634412504232, ""acc_best_on_warning"": 0.2604634412504232, ""acc_new_on_warning"": 0.30628795080578897, ""winner_initial"": ""reused_copy"", ""acc_on_buffer"": {""0"": 0.2604634412504232}, ""similarity_metric"": ""residual_pearson"", ""merge_pairs"": [[0, 2]], ""slot_eras"": {""0"": 0, ""1"": 1, ""2"": "
4103,4103,0,echo_inwin,770,2563,352,0.5459,0.5063,-0.0396,fall,4.0912,3.4389,-0.1595,,222,1,reg_recurring_20k.csv,htr/error,"{""buffer_len"": 1, ""merged"": [], ""collection_size"": 3, ""current_idx"": 4, ""best_idx"": 3, ""acc_current_on_warning"": 0.5255945657312067, ""acc_best_on_warning"": 0.5255945657312067, ""acc_new_on_warning"": 0.5731117311131346, ""winner_initial"": ""reused_copy"", ""acc_on_buffer"": {""0"": 0.1527226155121314, ""3"": 0.5255945657312067}, ""similarity_metric"": ""residual_pearson"", ""merge_pairs"": [], ""slot_eras"": {""0"": 0"
4679,4711,32,echo,1346,1987,576,0.4967,0.4697,-0.0271,fall,3.264,2.7428,-0.1597,,572,1,reg_recurring_20k.csv,htr/error,"{""buffer_len"": 33, ""merged"": [3], ""collection_size"": 3, ""current_idx"": 5, ""best_idx"": 4, ""acc_current_on_warning"": 0.5376819981308391, ""acc_best_on_warning"": 0.5376819981308391, ""acc_new_on_warning"": 0.3648096904372994, ""winner_initial"": ""reused_copy"", ""acc_on_buffer"": {""0"": 0.30262547111567917, ""4"": 0.5376819981308391}, ""similarity_metric"": ""residual_pearson"", ""merge_pairs"": [[4, 3]], ""slot_eras"""
5735,5799,64,echo,2402,931,1056,0.4362,0.4325,-0.0037,flat,2.0997,1.9551,-0.0689,masked_fall,1016,0,reg_recurring_20k.csv,htr/error,"{""buffer_len"": 65, ""merged"": [4], ""collection_size"": 3, ""current_idx"": 6, ""best_idx"": 5, ""acc_current_on_warning"": 0.557390895484005, ""acc_best_on_warning"": 0.557390895484005, ""acc_new_on_warning"": 0.33585739619215826, ""winner_initial"": ""reused_copy"", ""acc_on_buffer"": {""0"": 0.2504659577379248, ""5"": 0.557390895484005}, ""similarity_metric"": ""residual_pearson"", ""merge_pairs"": [[0, 4]], ""slot_eras"": {"
6727,6727,0,hit,61,3272,992,0.4734,0.5625,0.0891,rise,2.9826,4.3286,0.4513,,2008,0,reg_recurring_20k.csv,htr/error,"{""buffer_len"": 1, ""merged"": [], ""collection_size"": 4, ""current_idx"": 7, ""best_idx"": 0, ""acc_current_on_warning"": 0.0, ""acc_best_on_warning"": 0.0, ""acc_new_on_warning"": 0.0, ""winner_initial"": ""reused_copy"", ""acc_on_buffer"": {""0"": 0.0, ""5"": 0.0, ""6"": 0.0}, ""similarity_metric"": ""residual_pearson"", ""merge_pairs"": [], ""slot_eras"": {""0"": 0, ""1"": 1, ""2"": 2, ""3"": 3, ""4"": 4, ""5"": 5, ""6"": 6, ""7"": 7}, ""score"
7207,7239,32,echo_inwin,541,2792,480,0.5736,0.4973,-0.0763,fall,4.5951,3.1025,-0.3248,,479,1,reg_recurring_20k.csv,htr/error,"{""buffer_len"": 33, ""merged"": [0, 6], ""collection_size"": 3, ""current_idx"": 8, ""best_idx"": 7, ""acc_current_on_warning"": 0.5219156124760906, ""acc_best_on_warning"": 0.5219156124760906, ""acc_new_on_warning"": 0.34349863962022875, ""winner_initial"": ""reused_copy"", ""acc_on_buffer"": {""5"": 0.1461668544349889, ""7"": 0.5219156124760906}, ""similarity_metric"": ""residual_pearson"", ""merge_pairs"": [[6, 0], [5, 6]], "
9031,9031,0,echo,2365,968,1824,0.4481,0.4802,0.0321,rise,2.1609,2.6866,0.2433,,2303,0,reg_recurring_20k.csv,htr/error,"{""buffer_len"": 1, ""merged"": [], ""collection_size"": 4, ""current_idx"": 9, ""best_idx"": 7, ""acc_current_on_warning"": 0.6338782330849669, ""acc_best_on_warning"": 0.6431439882686947, ""acc_new_on_warning"": 0.4866683923117281, ""winner_initial"": ""reused_copy"", ""acc_on_buffer"": {""5"": 0.0048393313701023954, ""7"": 0.6431439882686947, ""8"": 0.6338782330849669}, ""similarity_metric"": ""residual_pearson"", ""merge_pair"
10055,10055,0,hit,56,3277,1024,0.5268,0.5988,0.072,rise,3.8492,5.1135,0.3284,,3327,0,reg_recurring_20k.csv,htr/error,"{""buffer_len"": 1, ""merged"": [], ""collection_size"": 5, ""current_idx"": 10, ""best_idx"": 5, ""acc_current_on_warning"": 0.0, ""acc_best_on_warning"": 0.4603480485734116, ""acc_new_on_warning"": 0.6597357104609028, ""winner_initial"": ""reused_copy"", ""acc_on_buffer"": {""5"": 0.4603480485734116, ""7"": 0.02439275079899561, ""8"": 0.0, ""9"": 0.0}, ""similarity_metric"": ""residual_pearson"", ""merge_pairs"": [], ""slot_eras"": "
10439,10439,0,echo_inwin,440,2893,384,0.6064,0.5679,-0.0385,fall,5.4381,4.5569,-0.1621,,375,1,reg_recurring_20k.csv,htr/error,"{""buffer_len"": 1, ""merged"": [], ""collection_size"": 6, ""current_idx"": 11, ""best_idx"": 9, ""acc_current_on_warning"": 0.5890930008643012, ""acc_best_on_warning"": 0.6242568201860779, ""acc_new_on_warning"": 0.0, ""winner_initial"": ""reused_copy"", ""acc_on_buffer"": {""5"": 0.0, ""7"": 0.0, ""8"": 0.0, ""9"": 0.6242568201860779, ""10"": 0.5890930008643012}, ""similarity_metric"": ""residual_pearson"", ""merge_pairs"": [], ""sl"
10887,10887,0,echo_inwin,888,2445,448,0.5605,0.5644,0.0039,flat,4.3983,4.454,0.0127,,436,1,reg_recurring_20k.csv,htr/error,"{""buffer_len"": 1, ""merged"": [], ""collection_size"": 7, ""current_idx"": 12, ""best_idx"": 9, ""acc_current_on_warning"": 0.3501682340239811, ""acc_best_on_warning"": 0.4286511075119328, ""acc_new_on_warning"": 0.5089960922723646, ""winner_initial"": ""reused_copy"", ""acc_on_buffer"": {""5"": 0.0, ""7"": 0.24818305806073793, ""8"": 0.11186462600530789, ""9"": 0.4286511075119328, ""10"": 0.36788641078617057, ""11"": 0.35016823"
11399,11399,0,echo,1400,1933,512,0.5618,0.5,-0.0618,fall,4.3936,3.2354,-0.2636,,511,1,reg_recurring_20k.csv,htr/error,"{""buffer_len"": 1, ""merged"": [], ""collection_size"": 8, ""current_idx"": 13, ""best_idx"": 11, ""acc_current_on_warning"": 0.5385832981587747, ""acc_best_on_warning"": 0.6428087099461675, ""acc_new_on_warning"": 0.0, ""winner_initial"": ""reused_copy"", ""acc_on_buffer"": {""5"": 0.36804232087069455, ""7"": 0.0, ""8"": 0.2599645204322737, ""9"": 0.08158235049905871, ""10"": 0.6252240236503952, ""11"": 0.6428087099461675, ""12"":"
13127,13191,64,orphan,3128,205,1728,0.4589,0.4904,0.0315,rise,2.4507,3.3366,0.3615,,1696,0,reg_recurring_20k.csv,htr/error,"{""buffer_len"": 65, ""merged"": [10, 11, 12, 7, 9], ""collection_size"": 4, ""current_idx"": 14, ""best_idx"": 13, ""acc_current_on_warning"": 0.5442452365185729, ""acc_best_on_warning"": 0.5442452365185729, ""acc_new_on_warning"": 0.34717125383487535, ""winner_initial"": ""reused_copy"", ""acc_on_buffer"": {""5"": 0.191204845110866, ""8"": 0.15020101307531464, ""13"": 0.5442452365185729}, ""similarity_metric"": ""residual_pea"
13415,13415,0,hit,83,3250,288,0.5031,0.4355,-0.0676,fall,3.5618,2.015,-0.4343,,1984,0,reg_recurring_20k.csv,htr/error,"{""buffer_len"": 1, ""merged"": [], ""collection_size"": 5, ""current_idx"": 15, ""best_idx"": 5, ""acc_current_on_warning"": 0.0, ""acc_best_on_warning"": 0.6342635973275326, ""acc_new_on_warning"": 0.6517121462262574, ""winner_initial"": ""reused_copy"", ""acc_on_buffer"": {""5"": 0.6342635973275326, ""8"": 0.6105687316996349, ""13"": 0.0, ""14"": 0.0}, ""similarity_metric"": ""residual_pearson"", ""merge_pairs"": [], ""slot_eras"":"
16711,16711,0,hit,46,,3296,0.4476,0.6088,0.1613,rise,2.4811,5.078,1.0467,,5280,0,reg_recurring_20k.csv,htr/error,"{""buffer_len"": 1, ""merged"": [], ""collection_size"": 6, ""current_idx"": 16, ""best_idx"": 5, ""acc_current_on_warning"": 0.5362082831941348, ""acc_best_on_warning"": 0.6198279511902629, ""acc_new_on_warning"": 0.43435866227546416, ""winner_initial"": ""reused_copy"", ""acc_on_buffer"": {""5"": 0.6198279511902629, ""8"": 0.5555749268624317, ""13"": 0.2858430910899381, ""14"": 0.28357648276633374, ""15"": 0.5362082831941348},"
17095,17223,128,echo_inwin,430,,384,0.6044,0.4482,-0.1562,fall,5.4253,2.055,-0.6212,,378,1,reg_recurring_20k.csv,htr/error,"{""buffer_len"": 129, ""merged"": [13, 14, 5, 16], ""collection_size"": 3, ""current_idx"": 17, ""best_idx"": 8, ""acc_current_on_warning"": 0.5579971607087149, ""acc_best_on_warning"": 0.5579971607087149, ""acc_new_on_warning"": 0.3286486033956394, ""winner_initial"": ""reused_copy"", ""acc_on_buffer"": {""8"": 0.5579971607087149, ""15"": 0.1364690833315071}, ""similarity_metric"": ""residual_pearson"", ""merge_pairs"": [[5, 13"
3399,3431,32,hit,66,3267,,0.5426,0.5413,-0.0013,flat,3.6027,3.3701,-0.0646,masked_fall,,0,reg_recurring_20k.csv,hfr/error,"{""buffer_len"": 33, ""merged"": [], ""collection_size"": 2, ""current_idx"": 1, ""best_idx"": 0, ""acc_current_on_warning"": 0.22557177103299353, ""acc_best_on_warning"": 0.22557177103299353, ""acc_new_on_warning"": 0.37905487172090013, ""winner_initial"": ""reused_copy"", ""acc_on_buffer"": {""0"": 0.22557177103299353}, ""similarity_metric"": ""residual_pearson"", ""merge_pairs"": [], ""slot_eras"": {""0"": 0, ""1"": 1}, ""score_se"
4647,5223,576,echo,1314,2019,1248,0.5047,0.5145,0.0098,flat,2.8705,3.0154,0.0505,,1215,0,reg_recurring_20k.csv,hfr/error,"{""buffer_len"": 577, ""merged"": [1], ""collection_size"": 2, ""current_idx"": 2, ""best_idx"": 0, ""acc_current_on_warning"": 0.22804591110690264, ""acc_best_on_warning"": 0.22804591110690264, ""acc_new_on_warning"": 0.48932932737895796, ""winner_initial"": ""reused_copy"", ""acc_on_buffer"": {""0"": 0.22804591110690264}, ""similarity_metric"": ""residual_pearson"", ""merge_pairs"": [[0, 1]], ""slot_eras"": {""0"": 0, ""1"": 1, ""2"
6727,6759,32,hit,61,3272,2080,0.5379,0.5294,-0.0085,flat,3.6931,3.447,-0.0666,masked_fall,1503,0,reg_recurring_20k.csv,hfr/error,"{""buffer_len"": 33, ""merged"": [2], ""collection_size"": 2, ""current_idx"": 3, ""best_idx"": 0, ""acc_current_on_warning"": 0.05699723410316604, ""acc_best_on_warning"": 0.05699723410316604, ""acc_new_on_warning"": 0.41610686010403963, ""winner_initial"": ""reused_copy"", ""acc_on_buffer"": {""0"": 0.05699723410316604}, ""similarity_metric"": ""residual_pearson"", ""merge_pairs"": [[0, 2]], ""slot_eras"": {""0"": 0, ""1"": 1, ""2"""
7527,7527,0,echo_inwin,861,2472,800,0.4977,0.4776,-0.0201,fall,2.9323,2.6121,-0.1092,,767,0,reg_recurring_20k.csv,hfr/error,"{""buffer_len"": 1, ""merged"": [], ""collection_size"": 3, ""current_idx"": 4, ""best_idx"": 3, ""acc_current_on_warning"": 0.5875969007972681, ""acc_best_on_warning"": 0.5875969007972681, ""acc_new_on_warning"": 0.6928799442057236, ""winner_initial"": ""reused_copy"", ""acc_on_buffer"": {""0"": 0.0, ""3"": 0.5875969007972681}, ""similarity_metric"": ""residual_pearson"", ""merge_pairs"": [], ""slot_eras"": {""0"": 0, ""1"": 1, ""2"": "
10055,10055,0,hit,56,3277,2528,0.5247,0.5183,-0.0064,flat,3.5781,3.2069,-0.1038,masked_fall,3295,0,reg_recurring_20k.csv,hfr/error,"{""buffer_len"": 1, ""merged"": [], ""collection_size"": 4, ""current_idx"": 5, ""best_idx"": 4, ""acc_current_on_warning"": 0.18201545483341253, ""acc_best_on_warning"": 0.18201545483341253, ""acc_new_on_warning"": 0.6907366608807417, ""winner_initial"": ""reused_copy"", ""acc_on_buffer"": {""0"": 0.1623962507893394, ""3"": 0.0, ""4"": 0.18201545483341253}, ""similarity_metric"": ""residual_pearson"", ""merge_pairs"": [], ""slot_e"
10471,13447,2976,echo_inwin,472,2861,416,0.5648,0.6924,0.1276,rise,4.2404,7.3087,0.7236,,413,1,reg_recurring_20k.csv,hfr/error,"{""buffer_len"": 2977, ""merged"": [3, 0, 5], ""collection_size"": 2, ""current_idx"": 6, ""best_idx"": 4, ""acc_current_on_warning"": 0.13685964716654297, ""acc_best_on_warning"": 0.13685964716654297, ""acc_new_on_warning"": 0.4915726706529143, ""winner_initial"": ""reused_copy"", ""acc_on_buffer"": {""4"": 0.13685964716654297}, ""similarity_metric"": ""residual_pearson"", ""merge_pairs"": [[0, 3], [4, 0], [4, 5]], ""slot_eras"
14983,14983,0,orphan,1651,1682,4512,0.6237,0.5054,-0.1184,fall,5.92,3.5203,-0.4054,,1529,0,reg_recurring_20k.csv,hfr/error,"{""buffer_len"": 1, ""merged"": [], ""collection_size"": 3, ""current_idx"": 7, ""best_idx"": 6, ""acc_current_on_warning"": 0.2568947011470406, ""acc_best_on_warning"": 0.2568947011470406, ""acc_new_on_warning"": 0.6788211309873851, ""winner_initial"": ""reused_copy"", ""acc_on_buffer"": {""4"": 0.0, ""6"": 0.2568947011470406}, ""similarity_metric"": ""residual_pearson"", ""merge_pairs"": [], ""slot_eras"": {""0"": 0, ""1"": 1, ""2"": "
15431,15431,0,orphan,2099,1234,448,0.5215,0.4678,-0.0537,fall,3.8397,2.7785,-0.2764,,406,1,reg_recurring_20k.csv,hfr/error,"{""buffer_len"": 1, ""merged"": [], ""collection_size"": 4, ""current_idx"": 8, ""best_idx"": 7, ""acc_current_on_warning"": 0.4970225842363307, ""acc_best_on_warning"": 0.4970225842363307, ""acc_new_on_warning"": 0.6798211940626953, ""winner_initial"": ""reused_copy"", ""acc_on_buffer"": {""4"": 0.13964559823991474, ""6"": 0.0, ""7"": 0.4970225842363307}, ""similarity_metric"": ""residual_pearson"", ""merge_pairs"": [], ""slot_era"
16743,16743,0,hit,78,,1312,0.5069,0.4555,-0.0514,fall,3.8086,2.5377,-0.3337,,1718,0,reg_recurring_20k.csv,hfr/error,"{""buffer_len"": 1, ""merged"": [], ""collection_size"": 5, ""current_idx"": 9, ""best_idx"": 4, ""acc_current_on_warning"": 0.0, ""acc_best_on_warning"": 0.5598935415015347, ""acc_new_on_warning"": 0.6790095609086724, ""winner_initial"": ""reused_copy"", ""acc_on_buffer"": {""4"": 0.5598935415015347, ""6"": 0.0, ""7"": 0.0, ""8"": 0.0}, ""similarity_metric"": ""residual_pearson"", ""merge_pairs"": [], ""slot_eras"": {""0"": 0, ""1"": 1, "
1991,2040,49,orphan,,1342,,0.4564,0.4501,-0.0063,flat,2.5249,2.2561,-0.1064,masked_fall,,0,reg_recurring_20k.csv,htr-mwa50/error,"{""buffer_len"": 50, ""merged"": [], ""collection_size"": 2, ""current_idx"": 1, ""best_idx"": 0, ""acc_current_on_warning"": 0.5325475221312619, ""acc_best_on_warning"": 0.5325475221312619, ""acc_new_on_warning"": 0.3191437217057995, ""winner_initial"": ""reused_copy"", ""acc_on_buffer"": {""0"": 0.5325475221312619}, ""similarity_metric"": ""residual_pearson"", ""merge_pairs"": [], ""slot_eras"": {""0"": 0, ""1"": 1}, ""score_semant"
3399,3448,49,hit,66,3267,1408,0.5236,0.6108,0.0873,rise,3.7475,5.4249,0.4476,,,0,reg_recurring_20k.csv,htr-mwa50/error,"{""buffer_len"": 50, ""merged"": [1], ""collection_size"": 2, ""current_idx"": 2, ""best_idx"": 0, ""acc_current_on_warning"": 0.22548112706021417, ""acc_best_on_warning"": 0.22548112706021417, ""acc_new_on_warning"": 0.3434046941490858, ""winner_initial"": ""reused_copy"", ""acc_on_buffer"": {""0"": 0.22548112706021417}, ""similarity_metric"": ""residual_pearson"", ""merge_pairs"": [[0, 1]], ""slot_eras"": {""0"": 0, ""1"": 1, ""2"":"
3783,3832,49,echo_inwin,450,2883,384,0.6305,0.6074,-0.0232,fall,6.1117,5.5839,-0.0864,,327,1,reg_recurring_20k.csv,htr-mwa50/error,"{""buffer_len"": 50, ""merged"": [2], ""collection_size"": 2, ""current_idx"": 3, ""best_idx"": 0, ""acc_current_on_warning"": 0.30165972087418236, ""acc_best_on_warning"": 0.30165972087418236, ""acc_new_on_warning"": 0.36192618557796064, ""winner_initial"": ""reused_copy"", ""acc_on_buffer"": {""0"": 0.30165972087418236}, ""similarity_metric"": ""residual_pearson"", ""merge_pairs"": [[0, 2]], ""slot_eras"": {""0"": 0, ""1"": 1, ""2"""
4103,4152,49,echo_inwin,770,2563,320,0.5697,0.5629,-0.0068,flat,4.7053,4.7725,0.0143,,267,1,reg_recurring_20k.csv,htr-mwa50/error,"{""buffer_len"": 50, ""merged"": [3], ""collection_size"": 2, ""current_idx"": 4, ""best_idx"": 0, ""acc_current_on_warning"": 0.21898020131119944, ""acc_best_on_warning"": 0.21898020131119944, ""acc_new_on_warning"": 0.3181523273974143, ""winner_initial"": ""reused_copy"", ""acc_on_buffer"": {""0"": 0.21898020131119944}, ""similarity_metric"": ""residual_pearson"", ""merge_pairs"": [[0, 3]], ""slot_eras"": {""0"": 0, ""1"": 1, ""2"":"
4455,4615,160,echo,1122,2211,352,0.5631,0.5123,-0.0508,fall,4.7207,3.8123,-0.1924,,300,1,reg_recurring_20k.csv,htr-mwa50/error,"{""buffer_len"": 161, ""merged"": [4], ""collection_size"": 2, ""current_idx"": 5, ""best_idx"": 0, ""acc_current_on_warning"": 0.2620166022402335, ""acc_best_on_warning"": 0.2620166022402335, ""acc_new_on_warning"": 0.3576620023994188, ""winner_initial"": ""reused_copy"", ""acc_on_buffer"": {""0"": 0.2620166022402335}, ""similarity_metric"": ""residual_pearson"", ""merge_pairs"": [[0, 4]], ""slot_eras"": {""0"": 0, ""1"": 1, ""2"": 2"
5639,5688,49,echo,2306,1027,1184,0.4745,0.436,-0.0386,fall,3.0635,2.2535,-0.2644,,1023,0,reg_recurring_20k.csv,htr-mwa50/error,"{""buffer_len"": 50, ""merged"": [], ""collection_size"": 3, ""current_idx"": 6, ""best_idx"": 5, ""acc_current_on_warning"": 0.5782364228060695, ""acc_best_on_warning"": 0.5782364228060695, ""acc_new_on_warning"": 0.33717464215860404, ""winner_initial"": ""reused_copy"", ""acc_on_buffer"": {""0"": 0.2499682294623835, ""5"": 0.5782364228060695}, ""similarity_metric"": ""residual_pearson"", ""merge_pairs"": [], ""slot_eras"": {""0"":"
6727,6776,49,hit,61,3272,1088,0.4686,0.5221,0.0536,rise,3.1472,3.9679,0.2608,,1034,0,reg_recurring_20k.csv,htr-mwa50/error,"{""buffer_len"": 50, ""merged"": [5], ""collection_size"": 3, ""current_idx"": 7, ""best_idx"": 6, ""acc_current_on_warning"": 0.22731643876118723, ""acc_best_on_warning"": 0.22731643876118723, ""acc_new_on_warning"": 0.4269544306284123, ""winner_initial"": ""reused_copy"", ""acc_on_buffer"": {""0"": 0.1747389429131938, ""6"": 0.22731643876118723}, ""similarity_metric"": ""residual_pearson"", ""merge_pairs"": [[6, 5]], ""slot_era"
7015,7064,49,echo_inwin,349,2984,288,0.5704,0.48,-0.0904,fall,5.5828,3.0803,-0.4482,,238,1,reg_recurring_20k.csv,htr-mwa50/error,"{""buffer_len"": 50, ""merged"": [0], ""collection_size"": 3, ""current_idx"": 8, ""best_idx"": 7, ""acc_current_on_warning"": 0.5227691620227615, ""acc_best_on_warning"": 0.5227691620227615, ""acc_new_on_warning"": 0.3418916931514663, ""winner_initial"": ""reused_copy"", ""acc_on_buffer"": {""6"": 0.19285679077555595, ""7"": 0.5227691620227615}, ""similarity_metric"": ""residual_pearson"", ""merge_pairs"": [[6, 0]], ""slot_eras"""
9063,9112,49,echo,2397,936,2048,0.4425,0.4281,-0.0144,flat,2.2367,1.9019,-0.1497,masked_fall,2286,0,reg_recurring_20k.csv,htr-mwa50/error,"{""buffer_len"": 50, ""merged"": [], ""collection_size"": 4, ""current_idx"": 9, ""best_idx"": 8, ""acc_current_on_warning"": 0.5740831999341318, ""acc_best_on_warning"": 0.5740831999341318, ""acc_new_on_warning"": 0.556907875826886, ""winner_initial"": ""reused_copy"", ""acc_on_buffer"": {""6"": 0.2232558911995166, ""7"": 0.5253951225098302, ""8"": 0.5740831999341318}, ""similarity_metric"": ""residual_pearson"", ""merge_pairs"":"
10055,10104,49,hit,56,3277,992,0.488,0.5313,0.0432,rise,3.3197,3.9947,0.2033,,939,0,reg_recurring_20k.csv,htr-mwa50/error,"{""buffer_len"": 50, ""merged"": [7, 8], ""collection_size"": 3, ""current_idx"": 10, ""best_idx"": 6, ""acc_current_on_warning"": 0.24459777248992698, ""acc_best_on_warning"": 0.25792895493400403, ""acc_new_on_warning"": 0.3699642752582144, ""winner_initial"": ""reused_copy"", ""acc_on_buffer"": {""6"": 0.25792895493400403, ""9"": 0.24459777248992698}, ""similarity_metric"": ""residual_pearson"", ""merge_pairs"": [[8, 7], [9, 8"
10439,10488,49,echo_inwin,440,2893,384,0.5969,0.4993,-0.0976,fall,5.8979,3.3237,-0.4365,,334,1,reg_recurring_20k.csv,htr-mwa50/error,"{""buffer_len"": 50, ""merged"": [], ""collection_size"": 4, ""current_idx"": 11, ""best_idx"": 10, ""acc_current_on_warning"": 0.49415081497652935, ""acc_best_on_warning"": 0.49415081497652935, ""acc_new_on_warning"": 0.38981201948192445, ""winner_initial"": ""reused_copy"", ""acc_on_buffer"": {""6"": 0.26012632914102074, ""9"": 0.22257142278322062, ""10"": 0.49415081497652935}, ""similarity_metric"": ""residual_pearson"", ""mer"
12359,12455,96,echo,2360,973,1920,0.4576,0.4456,-0.012,flat,2.4602,2.1936,-0.1083,masked_fall,2254,0,reg_recurring_20k.csv,htr-mwa50/error,"{""buffer_len"": 97, ""merged"": [10], ""collection_size"": 4, ""current_idx"": 12, ""best_idx"": 11, ""acc_current_on_warning"": 0.5519082045363484, ""acc_best_on_warning"": 0.5519082045363484, ""acc_new_on_warning"": 0.4035612309823199, ""winner_initial"": ""reused_copy"", ""acc_on_buffer"": {""6"": 0.27698246312308294, ""9"": 0.22399548352708143, ""11"": 0.5519082045363484}, ""similarity_metric"": ""residual_pearson"", ""merge"
13383,13432,49,hit,51,3282,1024,0.476,0.4405,-0.0355,fall,2.9766,2.0645,-0.3064,,926,0,reg_recurring_20k.csv,htr-mwa50/error,"{""buffer_len"": 50, ""merged"": [12], ""collection_size"": 4, ""current_idx"": 13, ""best_idx"": 6, ""acc_current_on_warning"": 0.5524080678379228, ""acc_best_on_warning"": 0.5524080678379228, ""acc_new_on_warning"": 0.36420620407738014, ""winner_initial"": ""reused_copy"", ""acc_on_buffer"": {""6"": 0.5524080678379228, ""9"": 0.1537252364370797, ""11"": 0.23185125125628336}, ""similarity_metric"": ""residual_pearson"", ""merge_"
13511,13560,49,echo_inwin,179,3154,128,0.5103,0.4306,-0.0797,fall,3.7745,1.8637,-0.5062,,77,1,reg_recurring_20k.csv,htr-mwa50/error,"{""buffer_len"": 50, ""merged"": [13], ""collection_size"": 4, ""current_idx"": 14, ""best_idx"": 6, ""acc_current_on_warning"": 0.5306194002935818, ""acc_best_on_warning"": 0.5306194002935818, ""acc_new_on_warning"": 0.36360072459197457, ""winner_initial"": ""reused_copy"", ""acc_on_buffer"": {""6"": 0.5306194002935818, ""9"": 0.146473803236555, ""11"": 0.2220209542775674}, ""similarity_metric"": ""residual_pearson"", ""merge_pa"
16615,16711,96,orphan,3283,50,3104,0.4099,0.6442,0.2343,rise,1.2872,5.8834,3.5706,,3181,0,reg_recurring_20k.csv,htr-mwa50/error,"{""buffer_len"": 97, ""merged"": [6], ""collection_size"": 4, ""current_idx"": 15, ""best_idx"": 14, ""acc_current_on_warning"": 0.3994644201350176, ""acc_best_on_warning"": 0.3994644201350176, ""acc_new_on_warning"": 0.3358237751805193, ""winner_initial"": ""reused_copy"", ""acc_on_buffer"": {""9"": 0.3163625495702824, ""11"": 0.2283996029529718, ""14"": 0.3994644201350176}, ""similarity_metric"": ""residual_pearson"", ""merge_p"
17671,17735,64,orphan,1006,,1056,0.5919,0.4484,-0.1435,fall,4.8285,2.0812,-0.569,,958,0,reg_recurring_20k.csv,htr-mwa50/error,"{""buffer_len"": 65, ""merged"": [15], ""collection_size"": 4, ""current_idx"": 16, ""best_idx"": 9, ""acc_current_on_warning"": 0.48541252657146083, ""acc_best_on_warning"": 0.48541252657146083, ""acc_new_on_warning"": 0.34396399305849135, ""winner_initial"": ""reused_copy"", ""acc_on_buffer"": {""9"": 0.48541252657146083, ""11"": 0.11797935781607649, ""14"": 0.14160165970819116}, ""similarity_metric"": ""residual_pearson"", ""m"
3399,3448,49,hit,66,3267,,0.5426,0.5382,-0.0043,flat,3.6027,3.3681,-0.0651,masked_fall,,0,reg_recurring_20k.csv,hfr-mwa50/error,"{""buffer_len"": 50, ""merged"": [], ""collection_size"": 2, ""current_idx"": 1, ""best_idx"": 0, ""acc_current_on_warning"": 0.2396574398080049, ""acc_best_on_warning"": 0.2396574398080049, ""acc_new_on_warning"": 0.44966571655025445, ""winner_initial"": ""reused_copy"", ""acc_on_buffer"": {""0"": 0.2396574398080049}, ""similarity_metric"": ""residual_pearson"", ""merge_pairs"": [], ""slot_eras"": {""0"": 0, ""1"": 1}, ""score_seman"
4583,4647,64,echo,1250,2083,1184,0.5106,0.5336,0.023,rise,2.9813,3.3874,0.1362,,1134,0,reg_recurring_20k.csv,hfr-mwa50/error,"{""buffer_len"": 65, ""merged"": [1], ""collection_size"": 2, ""current_idx"": 2, ""best_idx"": 0, ""acc_current_on_warning"": 0.24606280753559662, ""acc_best_on_warning"": 0.24606280753559662, ""acc_new_on_warning"": 0.4234421506341566, ""winner_initial"": ""reused_copy"", ""acc_on_buffer"": {""0"": 0.24606280753559662}, ""similarity_metric"": ""residual_pearson"", ""merge_pairs"": [[0, 1]], ""slot_eras"": {""0"": 0, ""1"": 1, ""2"":"
5767,5895,128,echo,2434,899,1184,0.5003,0.509,0.0088,flat,2.8896,3.0151,0.0434,,1119,0,reg_recurring_20k.csv,hfr-mwa50/error,"{""buffer_len"": 129, ""merged"": [2], ""collection_size"": 2, ""current_idx"": 3, ""best_idx"": 0, ""acc_current_on_warning"": 0.24276939260703745, ""acc_best_on_warning"": 0.24276939260703745, ""acc_new_on_warning"": 0.46576456707835134, ""winner_initial"": ""reused_copy"", ""acc_on_buffer"": {""0"": 0.24276939260703745}, ""similarity_metric"": ""residual_pearson"", ""merge_pairs"": [[0, 2]], ""slot_eras"": {""0"": 0, ""1"": 1, ""2"
6759,6808,49,hit,93,3240,992,0.5496,0.5202,-0.0294,fall,4.0434,3.4057,-0.1577,,862,0,reg_recurring_20k.csv,hfr-mwa50/error,"{""buffer_len"": 50, ""merged"": [3], ""collection_size"": 2, ""current_idx"": 4, ""best_idx"": 0, ""acc_current_on_warning"": 0.14401499330808665, ""acc_best_on_warning"": 0.14401499330808665, ""acc_new_on_warning"": 0.4525809621138128, ""winner_initial"": ""reused_copy"", ""acc_on_buffer"": {""0"": 0.14401499330808665}, ""similarity_metric"": ""residual_pearson"", ""merge_pairs"": [[0, 3]], ""slot_eras"": {""0"": 0, ""1"": 1, ""2"":"
7015,7143,128,echo_inwin,349,2984,256,0.5758,0.4899,-0.0859,fall,4.8154,2.9017,-0.3974,,206,1,reg_recurring_20k.csv,hfr-mwa50/error,"{""buffer_len"": 129, ""merged"": [4], ""collection_size"": 2, ""current_idx"": 5, ""best_idx"": 0, ""acc_current_on_warning"": 0.1194731257095194, ""acc_best_on_warning"": 0.1194731257095194, ""acc_new_on_warning"": 0.4640050894199348, ""winner_initial"": ""reused_copy"", ""acc_on_buffer"": {""0"": 0.1194731257095194}, ""similarity_metric"": ""residual_pearson"", ""merge_pairs"": [[0, 4]], ""slot_eras"": {""0"": 0, ""1"": 1, ""2"": 2"
8679,10023,1344,echo,2013,1320,1664,0.4576,0.7876,0.33,rise,2.2964,9.3341,3.0647,,1533,0,reg_recurring_20k.csv,hfr-mwa50/error,"{""buffer_len"": 1345, ""merged"": [0], ""collection_size"": 2, ""current_idx"": 6, ""best_idx"": 5, ""acc_current_on_warning"": 0.513928667115616, ""acc_best_on_warning"": 0.513928667115616, ""acc_new_on_warning"": 0.4911438352138692, ""winner_initial"": ""reused_copy"", ""acc_on_buffer"": {""5"": 0.513928667115616}, ""similarity_metric"": ""residual_pearson"", ""merge_pairs"": [[5, 0]], ""slot_eras"": {""0"": 0, ""1"": 1, ""2"": 2, "
10471,10520,49,hit,472,2861,1792,0.789,0.4901,-0.2989,fall,9.3923,3.0496,-0.6753,,447,1,reg_recurring_20k.csv,hfr-mwa50/error,"{""buffer_len"": 50, ""merged"": [6], ""collection_size"": 2, ""current_idx"": 7, ""best_idx"": 5, ""acc_current_on_warning"": 0.11524093045012551, ""acc_best_on_warning"": 0.11524093045012551, ""acc_new_on_warning"": 0.4997194102098025, ""winner_initial"": ""reused_copy"", ""acc_on_buffer"": {""5"": 0.11524093045012551}, ""similarity_metric"": ""residual_pearson"", ""merge_pairs"": [[5, 6]], ""slot_eras"": {""0"": 0, ""1"": 1, ""2"":"
10695,10744,49,echo_inwin,696,2637,224,0.6592,0.4868,-0.1724,fall,6.5489,2.9829,-0.5445,,174,1,reg_recurring_20k.csv,hfr-mwa50/error,"{""buffer_len"": 50, ""merged"": [7], ""collection_size"": 2, ""current_idx"": 8, ""best_idx"": 5, ""acc_current_on_warning"": 0.10325860885065763, ""acc_best_on_warning"": 0.10325860885065763, ""acc_new_on_warning"": 0.49826696945216076, ""winner_initial"": ""reused_copy"", ""acc_on_buffer"": {""5"": 0.10325860885065763}, ""similarity_metric"": ""residual_pearson"", ""merge_pairs"": [[5, 7]], ""slot_eras"": {""0"": 0, ""1"": 1, ""2"""
13383,13432,49,hit,51,3282,2688,0.489,0.5166,0.0275,rise,3.0913,3.4752,0.1242,,2638,0,reg_recurring_20k.csv,hfr-mwa50/error,"{""buffer_len"": 50, ""merged"": [8], ""collection_size"": 2, ""current_idx"": 9, ""best_idx"": 5, ""acc_current_on_warning"": 0.18169381490308611, ""acc_best_on_warning"": 0.18169381490308611, ""acc_new_on_warning"": 0.4668447911762401, ""winner_initial"": ""reused_copy"", ""acc_on_buffer"": {""5"": 0.18169381490308611}, ""similarity_metric"": ""residual_pearson"", ""merge_pairs"": [[5, 8]], ""slot_eras"": {""0"": 0, ""1"": 1, ""2"":"
13607,13671,64,echo_inwin,275,3058,224,0.5366,0.5089,-0.0277,fall,4.0714,3.3312,-0.1818,,174,1,reg_recurring_20k.csv,hfr-mwa50/error,"{""buffer_len"": 65, ""merged"": [9], ""collection_size"": 2, ""current_idx"": 10, ""best_idx"": 5, ""acc_current_on_warning"": 0.17230697606093182, ""acc_best_on_warning"": 0.17230697606093182, ""acc_new_on_warning"": 0.4670029827292661, ""winner_initial"": ""reused_copy"", ""acc_on_buffer"": {""5"": 0.17230697606093182}, ""similarity_metric"": ""residual_pearson"", ""merge_pairs"": [[5, 9]], ""slot_eras"": {""0"": 0, ""1"": 1, ""2"""
16807,16856,49,hit,142,,3200,0.5545,0.4561,-0.0984,fall,4.7462,2.4191,-0.4903,,3135,0,reg_recurring_20k.csv,hfr-mwa50/error,"{""buffer_len"": 50, ""merged"": [10], ""collection_size"": 2, ""current_idx"": 11, ""best_idx"": 5, ""acc_current_on_warning"": 0.5143774235882477, ""acc_best_on_warning"": 0.5143774235882477, ""acc_new_on_warning"": 0.47216762650646615, ""winner_initial"": ""reused_copy"", ""acc_on_buffer"": {""5"": 0.5143774235882477}, ""similarity_metric"": ""residual_pearson"", ""merge_pairs"": [[5, 10]], ""slot_eras"": {""0"": 0, ""1"": 1, ""2"""
1575,1639,64,orphan,,3425,,0.4583,0.4502,-0.0081,flat,2.807,2.3052,-0.1788,masked_fall,,0,reg_sudden_20k.csv,htr/error,"{""buffer_len"": 65, ""merged"": [], ""collection_size"": 2, ""current_idx"": 1, ""best_idx"": 0, ""acc_current_on_warning"": 0.5912406421676539, ""acc_best_on_warning"": 0.5912406421676539, ""acc_new_on_warning"": 0.3323663922062111, ""winner_initial"": ""reused_copy"", ""acc_on_buffer"": {""0"": 0.5912406421676539}, ""similarity_metric"": ""residual_pearson"", ""merge_pairs"": [], ""slot_eras"": {""0"": 0, ""1"": 1}, ""score_semant"
4199,4199,0,orphan,,801,2624,0.4694,0.4456,-0.0237,fall,1.976,1.5812,-0.1998,,,0,reg_sudden_20k.csv,htr/error,"{""buffer_len"": 1, ""merged"": [], ""collection_size"": 3, ""current_idx"": 2, ""best_idx"": 1, ""acc_current_on_warning"": 0.43990477857070387, ""acc_best_on_warning"": 0.43990477857070387, ""acc_new_on_warning"": 0.0, ""winner_initial"": ""reused_copy"", ""acc_on_buffer"": {""0"": 0.18361776037267397, ""1"": 0.43990477857070387}, ""similarity_metric"": ""residual_pearson"", ""merge_pairs"": [], ""slot_eras"": {""0"": 0, ""1"": 1, """
5063,5063,0,hit,63,4937,864,0.4918,0.6248,0.133,rise,2.4932,6.5109,1.6114,,,0,reg_sudden_20k.csv,htr/error,"{""buffer_len"": 1, ""merged"": [], ""collection_size"": 4, ""current_idx"": 3, ""best_idx"": 2, ""acc_current_on_warning"": 0.6594709008091777, ""acc_best_on_warning"": 0.6594709008091777, ""acc_new_on_warning"": 0.48001654726475007, ""winner_initial"": ""reused_copy"", ""acc_on_buffer"": {""0"": 0.6545332635685612, ""1"": 0.6486110053040622, ""2"": 0.6594709008091777}, ""similarity_metric"": ""residual_pearson"", ""merge_pairs"""
5863,5927,64,echo_inwin,863,4137,800,0.5645,0.5832,0.0187,flat,4.608,4.8089,0.0436,,193,1,reg_sudden_20k.csv,htr/error,"{""buffer_len"": 65, ""merged"": [0, 2, 3], ""collection_size"": 2, ""current_idx"": 4, ""best_idx"": 1, ""acc_current_on_warning"": 0.22392209444956346, ""acc_best_on_warning"": 0.22392209444956346, ""acc_new_on_warning"": 0.3031715156529242, ""winner_initial"": ""reused_copy"", ""acc_on_buffer"": {""1"": 0.22392209444956346}, ""similarity_metric"": ""residual_pearson"", ""merge_pairs"": [[1, 0], [1, 2], [1, 3]], ""slot_eras"":"
6215,6215,0,echo,1215,3785,352,0.5786,0.5144,-0.0642,fall,4.6369,3.2452,-0.3001,,102,1,reg_sudden_20k.csv,htr/error,"{""buffer_len"": 1, ""merged"": [], ""collection_size"": 3, ""current_idx"": 5, ""best_idx"": 4, ""acc_current_on_warning"": 0.43635212181633176, ""acc_best_on_warning"": 0.43635212181633176, ""acc_new_on_warning"": 0.4869378809927908, ""winner_initial"": ""reused_copy"", ""acc_on_buffer"": {""1"": 0.0, ""4"": 0.43635212181633176}, ""similarity_metric"": ""residual_pearson"", ""merge_pairs"": [], ""slot_eras"": {""0"": 0, ""1"": 1, ""2"
7111,7143,32,echo,2111,2889,896,0.4825,0.4697,-0.0128,flat,2.5543,2.2499,-0.1191,masked_fall,998,0,reg_sudden_20k.csv,htr/error,"{""buffer_len"": 33, ""merged"": [4], ""collection_size"": 3, ""current_idx"": 6, ""best_idx"": 5, ""acc_current_on_warning"": 0.5446720761845327, ""acc_best_on_warning"": 0.5446720761845327, ""acc_new_on_warning"": 0.3547927655537627, ""winner_initial"": ""reused_copy"", ""acc_on_buffer"": {""1"": 0.26055665864366284, ""5"": 0.5446720761845327}, ""similarity_metric"": ""residual_pearson"", ""merge_pairs"": [[5, 4]], ""slot_eras"""
8391,8871,480,orphan,3391,1609,1280,0.4511,0.4452,-0.0059,flat,1.8306,1.6097,-0.1207,masked_fall,2278,0,reg_sudden_20k.csv,htr/error,"{""buffer_len"": 481, ""merged"": [], ""collection_size"": 4, ""current_idx"": 7, ""best_idx"": 6, ""acc_current_on_warning"": 0.5681902933164329, ""acc_best_on_warning"": 0.5681902933164329, ""acc_new_on_warning"": 0.4429929541002061, ""winner_initial"": ""reused_copy"", ""acc_on_buffer"": {""1"": 0.2024386240170587, ""5"": 0.5592923135289025, ""6"": 0.5681902933164329}, ""similarity_metric"": ""residual_pearson"", ""merge_pairs"
10055,10055,0,hit,55,4945,1664,0.4841,0.614,0.1299,rise,2.7361,5.0483,0.8451,,3942,0,reg_sudden_20k.csv,htr/error,"{""buffer_len"": 1, ""merged"": [], ""collection_size"": 5, ""current_idx"": 8, ""best_idx"": 6, ""acc_current_on_warning"": 0.5309748010018345, ""acc_best_on_warning"": 0.5429650435218456, ""acc_new_on_warning"": 0.5137847787314545, ""winner_initial"": ""reused_copy"", ""acc_on_buffer"": {""1"": 0.0, ""5"": 0.42850830161016495, ""6"": 0.5429650435218456, ""7"": 0.5309748010018345}, ""similarity_metric"": ""residual_pearson"", ""me"
10823,10855,32,echo_inwin,823,4177,768,0.5766,0.6163,0.0397,rise,4.2634,5.3344,0.2512,,763,0,reg_sudden_20k.csv,htr/error,"{""buffer_len"": 33, ""merged"": [7, 8], ""collection_size"": 4, ""current_idx"": 9, ""best_idx"": 5, ""acc_current_on_warning"": 0.11902766756023664, ""acc_best_on_warning"": 0.2064571727105502, ""acc_new_on_warning"": 0.38397108063859464, ""winner_initial"": ""reused_copy"", ""acc_on_buffer"": {""1"": 0.11902766756023664, ""5"": 0.2064571727105502, ""6"": 0.20098544194340384}, ""similarity_metric"": ""residual_pearson"", ""merg"
11431,11623,192,echo,1431,3569,608,0.6034,0.5256,-0.0778,fall,4.9976,3.4378,-0.3121,,570,1,reg_sudden_20k.csv,htr/error,"{""buffer_len"": 193, ""merged"": [], ""collection_size"": 5, ""current_idx"": 10, ""best_idx"": 9, ""acc_current_on_warning"": 0.46605106680961994, ""acc_best_on_warning"": 0.46605106680961994, ""acc_new_on_warning"": 0.36550039523520317, ""winner_initial"": ""reused_copy"", ""acc_on_buffer"": {""1"": 0.12441922140218242, ""5"": 0.15252951175741725, ""6"": 0.16143822297693378, ""9"": 0.46605106680961994}, ""similarity_metric"":"
13415,13415,0,orphan,3415,1585,1984,0.4883,0.466,-0.0223,fall,2.6986,2.2541,-0.1647,,2554,0,reg_sudden_20k.csv,htr/error,"{""buffer_len"": 1, ""merged"": [], ""collection_size"": 6, ""current_idx"": 11, ""best_idx"": 10, ""acc_current_on_warning"": 0.586987708694152, ""acc_best_on_warning"": 0.586987708694152, ""acc_new_on_warning"": 0.44157741896455815, ""winner_initial"": ""reused_copy"", ""acc_on_buffer"": {""1"": 0.5642086278142298, ""5"": 0.23050856465415215, ""6"": 0.17284616231380134, ""9"": 0.38724119306970994, ""10"": 0.586987708694152}, """
15047,15047,0,hit,47,,1632,0.5023,0.4557,-0.0466,fall,3.2514,2.0281,-0.3762,,4186,0,reg_sudden_20k.csv,htr/error,"{""buffer_len"": 1, ""merged"": [], ""collection_size"": 7, ""current_idx"": 12, ""best_idx"": 1, ""acc_current_on_warning"": 0.215880077951786, ""acc_best_on_warning"": 0.49030589541635683, ""acc_new_on_warning"": 0.0, ""winner_initial"": ""reused_copy"", ""acc_on_buffer"": {""1"": 0.49030589541635683, ""5"": 0.0, ""6"": 0.0, ""9"": 0.0, ""10"": 0.16114896969115577, ""11"": 0.215880077951786}, ""similarity_metric"": ""residual_pears"
16071,16071,0,echo,1071,,1024,0.4292,0.4765,0.0473,rise,1.5,2.3826,0.5885,,5210,0,reg_sudden_20k.csv,htr/error,"{""buffer_len"": 1, ""merged"": [], ""collection_size"": 8, ""current_idx"": 13, ""best_idx"": 1, ""acc_current_on_warning"": 0.5007745025649031, ""acc_best_on_warning"": 0.6211480724973638, ""acc_new_on_warning"": 0.16482787636650098, ""winner_initial"": ""reused_copy"", ""acc_on_buffer"": {""1"": 0.6211480724973638, ""5"": 0.07605223723110699, ""6"": 0.16727172310954086, ""9"": 0.21106692301852426, ""10"": 0.30135729029355574,"
16519,16519,0,echo,1519,,448,0.4544,0.5803,0.1258,rise,1.9478,4.371,1.2441,,5658,0,reg_sudden_20k.csv,htr/error,"{""buffer_len"": 1, ""merged"": [], ""collection_size"": 9, ""current_idx"": 14, ""best_idx"": 5, ""acc_current_on_warning"": 0.4252773722758313, ""acc_best_on_warning"": 0.4807561970912526, ""acc_new_on_warning"": 0.0, ""winner_initial"": ""reused_copy"", ""acc_on_buffer"": {""1"": 0.42590339926768517, ""5"": 0.4807561970912526, ""6"": 0.4707673218739421, ""9"": 0.0, ""10"": 0.0, ""11"": 0.0, ""12"": 0.4253522210692886, ""13"": 0.425"
16967,16967,0,echo,1967,,448,0.5895,0.4466,-0.1428,fall,4.5373,1.8431,-0.5938,,442,1,reg_sudden_20k.csv,htr/error,"{""buffer_len"": 1, ""merged"": [], ""collection_size"": 10, ""current_idx"": 15, ""best_idx"": 13, ""acc_current_on_warning"": 0.5200209203511493, ""acc_best_on_warning"": 0.6311855713869794, ""acc_new_on_warning"": 0.0, ""winner_initial"": ""reused_copy"", ""acc_on_buffer"": {""1"": 0.5599777329244362, ""5"": 0.23462014301999945, ""6"": 0.18236165091629442, ""9"": 0.0, ""10"": 0.0, ""11"": 0.0, ""12"": 0.5413694235225885, ""13"": 0."
5095,5095,0,hit,95,4905,,0.5562,0.5677,0.0115,flat,3.4707,3.5129,0.0121,,,0,reg_sudden_20k.csv,hfr/error,"{""buffer_len"": 1, ""merged"": [], ""collection_size"": 2, ""current_idx"": 1, ""best_idx"": 0, ""acc_current_on_warning"": 0.25698840645400467, ""acc_best_on_warning"": 0.25698840645400467, ""acc_new_on_warning"": 0.7083946698182206, ""winner_initial"": ""reused_copy"", ""acc_on_buffer"": {""0"": 0.25698840645400467}, ""similarity_metric"": ""residual_pearson"", ""merge_pairs"": [], ""slot_eras"": {""0"": 0, ""1"": 1}, ""score_sema"
5383,5479,96,echo_inwin,383,4617,288,0.6086,0.531,-0.0777,fall,4.3623,2.9478,-0.3242,,284,1,reg_sudden_20k.csv,hfr/error,"{""buffer_len"": 97, ""merged"": [1], ""collection_size"": 2, ""current_idx"": 2, ""best_idx"": 0, ""acc_current_on_warning"": 0.18821761489538846, ""acc_best_on_warning"": 0.18821761489538846, ""acc_new_on_warning"": 0.4509182900381785, ""winner_initial"": ""reused_copy"", ""acc_on_buffer"": {""0"": 0.18821761489538846}, ""similarity_metric"": ""residual_pearson"", ""merge_pairs"": [[0, 1]], ""slot_eras"": {""0"": 0, ""1"": 1, ""2"":"
10119,10151,32,hit,119,4881,4736,0.5709,0.532,-0.0388,fall,4.5065,3.2788,-0.2724,,4639,0,reg_sudden_20k.csv,hfr/error,"{""buffer_len"": 33, ""merged"": [2], ""collection_size"": 2, ""current_idx"": 3, ""best_idx"": 0, ""acc_current_on_warning"": 0.11472066133073389, ""acc_best_on_warning"": 0.11472066133073389, ""acc_new_on_warning"": 0.31112163790189495, ""winner_initial"": ""reused_copy"", ""acc_on_buffer"": {""0"": 0.11472066133073389}, ""similarity_metric"": ""residual_pearson"", ""merge_pairs"": [[0, 2]], ""slot_eras"": {""0"": 0, ""1"": 1, ""2"""
11079,11207,128,echo,1079,3921,960,0.4973,0.5202,0.0228,rise,2.7597,3.0882,0.1191,,927,0,reg_sudden_20k.csv,hfr/error,"{""buffer_len"": 129, ""merged"": [3], ""collection_size"": 2, ""current_idx"": 4, ""best_idx"": 0, ""acc_current_on_warning"": 0.10347993387236576, ""acc_best_on_warning"": 0.10347993387236576, ""acc_new_on_warning"": 0.4559082544096196, ""winner_initial"": ""reused_copy"", ""acc_on_buffer"": {""0"": 0.10347993387236576}, ""similarity_metric"": ""residual_pearson"", ""merge_pairs"": [[0, 3]], ""slot_eras"": {""0"": 0, ""1"": 1, ""2"""
12871,14375,1504,echo,2871,2129,1792,0.4917,0.4833,-0.0085,flat,2.6819,2.5419,-0.0522,masked_fall,1660,0,reg_sudden_20k.csv,hfr/error,"{""buffer_len"": 1505, ""merged"": [4], ""collection_size"": 2, ""current_idx"": 5, ""best_idx"": 0, ""acc_current_on_warning"": 0.10113402567956542, ""acc_best_on_warning"": 0.10113402567956542, ""acc_new_on_warning"": 0.5098869831936268, ""winner_initial"": ""reused_copy"", ""acc_on_buffer"": {""0"": 0.10113402567956542}, ""similarity_metric"": ""residual_pearson"", ""merge_pairs"": [[0, 4]], ""slot_eras"": {""0"": 0, ""1"": 1, ""2"
15047,15079,32,hit,47,,2176,0.5166,0.4769,-0.0397,fall,3.3067,2.4812,-0.2496,,669,0,reg_sudden_20k.csv,hfr/error,"{""buffer_len"": 33, ""merged"": [], ""collection_size"": 3, ""current_idx"": 6, ""best_idx"": 0, ""acc_current_on_warning"": 0.20845358364123567, ""acc_best_on_warning"": 0.5025675645989981, ""acc_new_on_warning"": 0.3623495561355815, ""winner_initial"": ""reused_copy"", ""acc_on_buffer"": {""0"": 0.5025675645989981, ""5"": 0.20845358364123567}, ""similarity_metric"": ""residual_pearson"", ""merge_pairs"": [], ""slot_eras"": {""0"""
1575,1639,64,orphan,,3425,,0.4583,0.4502,-0.0081,flat,2.807,2.3052,-0.1788,masked_fall,,0,reg_sudden_20k.csv,htr-mwa50/error,"{""buffer_len"": 65, ""merged"": [], ""collection_size"": 2, ""current_idx"": 1, ""best_idx"": 0, ""acc_current_on_warning"": 0.5912406421676539, ""acc_best_on_warning"": 0.5912406421676539, ""acc_new_on_warning"": 0.3323663922062111, ""winner_initial"": ""reused_copy"", ""acc_on_buffer"": {""0"": 0.5912406421676539}, ""similarity_metric"": ""residual_pearson"", ""merge_pairs"": [], ""slot_eras"": {""0"": 0, ""1"": 1}, ""score_semant"
4199,4248,49,orphan,,801,2624,0.4694,0.4468,-0.0226,fall,1.976,1.5943,-0.1932,,,0,reg_sudden_20k.csv,htr-mwa50/error,"{""buffer_len"": 50, ""merged"": [], ""collection_size"": 3, ""current_idx"": 2, ""best_idx"": 1, ""acc_current_on_warning"": 0.5644207120954622, ""acc_best_on_warning"": 0.5644207120954622, ""acc_new_on_warning"": 0.31164356911821645, ""winner_initial"": ""reused_copy"", ""acc_on_buffer"": {""0"": 0.5490373456047521, ""1"": 0.5644207120954622}, ""similarity_metric"": ""residual_pearson"", ""merge_pairs"": [], ""slot_eras"": {""0"":"
5063,5112,49,hit,63,4937,864,0.4922,0.6286,0.1364,rise,2.5015,5.5899,1.2346,,813,0,reg_sudden_20k.csv,htr-mwa50/error,"{""buffer_len"": 50, ""merged"": [0, 2], ""collection_size"": 2, ""current_idx"": 3, ""best_idx"": 1, ""acc_current_on_warning"": 0.1918678110646197, ""acc_best_on_warning"": 0.1918678110646197, ""acc_new_on_warning"": 0.2596415266646289, ""winner_initial"": ""reused_copy"", ""acc_on_buffer"": {""1"": 0.1918678110646197}, ""similarity_metric"": ""residual_pearson"", ""merge_pairs"": [[1, 0], [1, 2]], ""slot_eras"": {""0"": 0, ""1"":"
5511,5560,49,echo_inwin,511,4489,448,0.6474,0.595,-0.0524,fall,6.2263,4.5714,-0.2658,,184,1,reg_sudden_20k.csv,htr-mwa50/error,"{""buffer_len"": 50, ""merged"": [3], ""collection_size"": 2, ""current_idx"": 4, ""best_idx"": 1, ""acc_current_on_warning"": 0.2150943908886851, ""acc_best_on_warning"": 0.2150943908886851, ""acc_new_on_warning"": 0.2762221972853024, ""winner_initial"": ""reused_copy"", ""acc_on_buffer"": {""1"": 0.2150943908886851}, ""similarity_metric"": ""residual_pearson"", ""merge_pairs"": [[1, 3]], ""slot_eras"": {""0"": 0, ""1"": 1, ""2"": 2,"
6023,6072,49,echo,1023,3977,512,0.5942,0.5795,-0.0146,flat,4.542,4.4889,-0.0117,,458,1,reg_sudden_20k.csv,htr-mwa50/error,"{""buffer_len"": 50, ""merged"": [4], ""collection_size"": 2, ""current_idx"": 5, ""best_idx"": 1, ""acc_current_on_warning"": 0.2250638622874015, ""acc_best_on_warning"": 0.2250638622874015, ""acc_new_on_warning"": 0.2972017337345474, ""winner_initial"": ""reused_copy"", ""acc_on_buffer"": {""1"": 0.2250638622874015}, ""similarity_metric"": ""residual_pearson"", ""merge_pairs"": [[1, 4]], ""slot_eras"": {""0"": 0, ""1"": 1, ""2"": 2,"
6567,6616,49,echo,1567,3433,544,0.5804,0.4526,-0.1279,fall,4.5049,1.9745,-0.5617,,494,1,reg_sudden_20k.csv,htr-mwa50/error,"{""buffer_len"": 50, ""merged"": [], ""collection_size"": 3, ""current_idx"": 6, ""best_idx"": 5, ""acc_current_on_warning"": 0.5607761620322332, ""acc_best_on_warning"": 0.5607761620322332, ""acc_new_on_warning"": 0.3559527930416091, ""winner_initial"": ""reused_copy"", ""acc_on_buffer"": {""1"": 0.1773460316482095, ""5"": 0.5607761620322332}, ""similarity_metric"": ""residual_pearson"", ""merge_pairs"": [], ""slot_eras"": {""0"": "
10055,10104,49,hit,55,4945,3488,0.4751,0.6154,0.1402,rise,2.5563,4.857,0.9,,3982,0,reg_sudden_20k.csv,htr-mwa50/error,"{""buffer_len"": 50, ""merged"": [5], ""collection_size"": 3, ""current_idx"": 7, ""best_idx"": 6, ""acc_current_on_warning"": 0.24745792879221806, ""acc_best_on_warning"": 0.24745792879221806, ""acc_new_on_warning"": 0.33428280040573066, ""winner_initial"": ""reused_copy"", ""acc_on_buffer"": {""1"": 0.12903560023358773, ""6"": 0.24745792879221806}, ""similarity_metric"": ""residual_pearson"", ""merge_pairs"": [[6, 5]], ""slot_e"
10567,10887,320,echo_inwin,567,4433,512,0.6276,0.5363,-0.0913,fall,5.284,3.4606,-0.3451,,462,1,reg_sudden_20k.csv,htr-mwa50/error,"{""buffer_len"": 321, ""merged"": [], ""collection_size"": 4, ""current_idx"": 8, ""best_idx"": 7, ""acc_current_on_warning"": 0.3892544036132136, ""acc_best_on_warning"": 0.3892544036132136, ""acc_new_on_warning"": 0.41016823826002324, ""winner_initial"": ""reused_copy"", ""acc_on_buffer"": {""1"": 0.12538421393939148, ""6"": 0.22850012732042235, ""7"": 0.3892544036132136}, ""similarity_metric"": ""residual_pearson"", ""merge_pa"
11783,11832,49,echo,1783,3217,1216,0.5051,0.5377,0.0326,rise,2.8767,3.5385,0.23,,874,0,reg_sudden_20k.csv,htr-mwa50/error,"{""buffer_len"": 50, ""merged"": [8], ""collection_size"": 4, ""current_idx"": 9, ""best_idx"": 7, ""acc_current_on_warning"": 0.125523651881574, ""acc_best_on_warning"": 0.4151635293368522, ""acc_new_on_warning"": 0.30429585927036573, ""winner_initial"": ""reused_copy"", ""acc_on_buffer"": {""1"": 0.125523651881574, ""6"": 0.2385206585341565, ""7"": 0.4151635293368522}, ""similarity_metric"": ""residual_pearson"", ""merge_pairs"""
12679,12728,49,echo,2679,2321,896,0.4986,0.4905,-0.0081,flat,2.7952,2.6399,-0.0555,masked_fall,844,0,reg_sudden_20k.csv,htr-mwa50/error,"{""buffer_len"": 50, ""merged"": [], ""collection_size"": 5, ""current_idx"": 10, ""best_idx"": 9, ""acc_current_on_warning"": 0.5178486941985612, ""acc_best_on_warning"": 0.5178486941985612, ""acc_new_on_warning"": 0.33250525561039823, ""winner_initial"": ""reused_copy"", ""acc_on_buffer"": {""1"": 0.08481308965203427, ""6"": 0.20052590111439528, ""7"": 0.4070665389685182, ""9"": 0.5178486941985612}, ""similarity_metric"": ""res"
14823,14951,128,orphan,4823,177,2144,0.4602,0.5589,0.0987,rise,2.0437,4.7208,1.3099,,2988,0,reg_sudden_20k.csv,htr-mwa50/error,"{""buffer_len"": 129, ""merged"": [9], ""collection_size"": 5, ""current_idx"": 11, ""best_idx"": 10, ""acc_current_on_warning"": 0.5532695254368225, ""acc_best_on_warning"": 0.5532695254368225, ""acc_new_on_warning"": 0.3479012468057521, ""winner_initial"": ""reused_copy"", ""acc_on_buffer"": {""1"": 0.08665674694535197, ""6"": 0.1952078847511488, ""7"": 0.41034738801169446, ""10"": 0.5532695254368225}, ""similarity_metric"": """
15079,15128,49,hit,79,,256,0.5206,0.4569,-0.0637,fall,3.6723,2.0168,-0.4508,,3244,0,reg_sudden_20k.csv,htr-mwa50/error,"{""buffer_len"": 50, ""merged"": [11], ""collection_size"": 5, ""current_idx"": 12, ""best_idx"": 1, ""acc_current_on_warning"": 0.5783414757266482, ""acc_best_on_warning"": 0.5783414757266482, ""acc_new_on_warning"": 0.3927123051125414, ""winner_initial"": ""reused_copy"", ""acc_on_buffer"": {""1"": 0.5783414757266482, ""6"": 0.2634113291009459, ""7"": 0.13743376296034004, ""10"": 0.13362012072515117}, ""similarity_metric"": ""r"
15207,15256,49,echo_inwin,207,,128,0.5506,0.4455,-0.1051,fall,4.5573,1.7781,-0.6098,,3372,0,reg_sudden_20k.csv,htr-mwa50/error,"{""buffer_len"": 50, ""merged"": [12], ""collection_size"": 5, ""current_idx"": 13, ""best_idx"": 1, ""acc_current_on_warning"": 0.5766269051996846, ""acc_best_on_warning"": 0.5766269051996846, ""acc_new_on_warning"": 0.3659235365109619, ""winner_initial"": ""reused_copy"", ""acc_on_buffer"": {""1"": 0.5766269051996846, ""6"": 0.18644924013322495, ""7"": 0.14957660925080773, ""10"": 0.1191535124670996}, ""similarity_metric"": ""r"
15719,15768,49,echo_inwin,719,,512,0.4482,0.4326,-0.0156,flat,1.8292,1.5059,-0.1767,masked_fall,3884,0,reg_sudden_20k.csv,htr-mwa50/error,"{""buffer_len"": 50, ""merged"": [13, 7], ""collection_size"": 4, ""current_idx"": 14, ""best_idx"": 1, ""acc_current_on_warning"": 0.576842555710886, ""acc_best_on_warning"": 0.576842555710886, ""acc_new_on_warning"": 0.3416185899891029, ""winner_initial"": ""reused_copy"", ""acc_on_buffer"": {""1"": 0.576842555710886, ""6"": 0.25421339212350913, ""10"": 0.12182008415624423}, ""similarity_metric"": ""residual_pearson"", ""merge_"
16647,17191,544,echo,1647,,928,0.4567,0.4348,-0.0219,fall,1.9348,1.4856,-0.2322,,4812,0,reg_sudden_20k.csv,htr-mwa50/error,"{""buffer_len"": 545, ""merged"": [14], ""collection_size"": 4, ""current_idx"": 15, ""best_idx"": 1, ""acc_current_on_warning"": 0.569967058202106, ""acc_best_on_warning"": 0.569967058202106, ""acc_new_on_warning"": 0.4497950079829023, ""winner_initial"": ""reused_copy"", ""acc_on_buffer"": {""1"": 0.569967058202106, ""6"": 0.24735292197843117, ""10"": 0.11961811874400952}, ""similarity_metric"": ""residual_pearson"", ""merge_pa"
18471,18520,49,orphan,3471,,1824,0.4645,0.463,-0.0015,flat,2.0007,1.9673,-0.0167,,1278,0,reg_sudden_20k.csv,htr-mwa50/error,"{""buffer_len"": 50, ""merged"": [], ""collection_size"": 5, ""current_idx"": 16, ""best_idx"": 1, ""acc_current_on_warning"": 0.4688650292768204, ""acc_best_on_warning"": 0.5655922350085274, ""acc_new_on_warning"": 0.38422323437344597, ""winner_initial"": ""reused_copy"", ""acc_on_buffer"": {""1"": 0.5655922350085274, ""6"": 0.2548573134868002, ""10"": 0.1634019864702677, ""15"": 0.4688650292768204}, ""similarity_metric"": ""res"
19655,19719,64,orphan,4655,,1184,0.4316,0.4263,-0.0054,flat,1.3789,1.267,-0.0812,masked_fall,2462,0,reg_sudden_20k.csv,htr-mwa50/error,"{""buffer_len"": 65, ""merged"": [15, 16], ""collection_size"": 4, ""current_idx"": 17, ""best_idx"": 1, ""acc_current_on_warning"": 0.5755768688500374, ""acc_best_on_warning"": 0.5755768688500374, ""acc_new_on_warning"": 0.5719542209726339, ""winner_initial"": ""reused_copy"", ""acc_on_buffer"": {""1"": 0.5755768688500374, ""6"": 0.22750835046266105, ""10"": 0.11609576322219328}, ""similarity_metric"": ""residual_pearson"", ""me"
5095,5144,49,hit,95,4905,,0.5562,0.5498,-0.0064,flat,3.4707,3.2905,-0.0519,masked_fall,,0,reg_sudden_20k.csv,hfr-mwa50/error,"{""buffer_len"": 50, ""merged"": [], ""collection_size"": 2, ""current_idx"": 1, ""best_idx"": 0, ""acc_current_on_warning"": 0.17967063965095575, ""acc_best_on_warning"": 0.17967063965095575, ""acc_new_on_warning"": 0.43901235085287926, ""winner_initial"": ""reused_copy"", ""acc_on_buffer"": {""0"": 0.17967063965095575}, ""similarity_metric"": ""residual_pearson"", ""merge_pairs"": [], ""slot_eras"": {""0"": 0, ""1"": 1}, ""score_se"
5223,5319,96,echo_inwin,223,4777,128,0.6014,0.5306,-0.0709,fall,4.3821,3.0153,-0.3119,,75,1,reg_sudden_20k.csv,hfr-mwa50/error,"{""buffer_len"": 97, ""merged"": [1], ""collection_size"": 2, ""current_idx"": 2, ""best_idx"": 0, ""acc_current_on_warning"": 0.20786856291336808, ""acc_best_on_warning"": 0.20786856291336808, ""acc_new_on_warning"": 0.4332649205106429, ""winner_initial"": ""reused_copy"", ""acc_on_buffer"": {""0"": 0.20786856291336808}, ""similarity_metric"": ""residual_pearson"", ""merge_pairs"": [[0, 1]], ""slot_eras"": {""0"": 0, ""1"": 1, ""2"":"
10119,10168,49,hit,119,4881,4896,0.5678,0.5444,-0.0233,fall,4.4777,3.5406,-0.2093,,4799,0,reg_sudden_20k.csv,hfr-mwa50/error,"{""buffer_len"": 50, ""merged"": [2], ""collection_size"": 2, ""current_idx"": 3, ""best_idx"": 0, ""acc_current_on_warning"": 0.1302637602473713, ""acc_best_on_warning"": 0.1302637602473713, ""acc_new_on_warning"": 0.43703665612413634, ""winner_initial"": ""reused_copy"", ""acc_on_buffer"": {""0"": 0.1302637602473713}, ""similarity_metric"": ""residual_pearson"", ""merge_pairs"": [[0, 2]], ""slot_eras"": {""0"": 0, ""1"": 1, ""2"": 2"
10247,10503,256,echo_inwin,247,4753,128,0.6027,0.4967,-0.106,fall,5.4262,2.8078,-0.4826,,78,1,reg_sudden_20k.csv,hfr-mwa50/error,"{""buffer_len"": 257, ""merged"": [3], ""collection_size"": 2, ""current_idx"": 4, ""best_idx"": 0, ""acc_current_on_warning"": 0.12831792849172474, ""acc_best_on_warning"": 0.12831792849172474, ""acc_new_on_warning"": 0.4987789113172676, ""winner_initial"": ""reused_copy"", ""acc_on_buffer"": {""0"": 0.12831792849172474}, ""similarity_metric"": ""residual_pearson"", ""merge_pairs"": [[0, 3]], ""slot_eras"": {""0"": 0, ""1"": 1, ""2"""
15079,15128,49,hit,79,,4832,0.5291,0.4864,-0.0427,fall,3.649,2.5979,-0.2881,,4575,0,reg_sudden_20k.csv,hfr-mwa50/error,"{""buffer_len"": 50, ""merged"": [], ""collection_size"": 3, ""current_idx"": 5, ""best_idx"": 0, ""acc_current_on_warning"": 0.16490943644712985, ""acc_best_on_warning"": 0.5154345654488579, ""acc_new_on_warning"": 0.45917541221188984, ""winner_initial"": ""reused_copy"", ""acc_on_buffer"": {""0"": 0.5154345654488579, ""4"": 0.16490943644712985}, ""similarity_metric"": ""residual_pearson"", ""merge_pairs"": [], ""slot_eras"": {""0"
15207,15256,49,echo_inwin,207,,128,0.5668,0.4865,-0.0803,fall,4.4235,2.5909,-0.4143,,71,1,reg_sudden_20k.csv,hfr-mwa50/error,"{""buffer_len"": 50, ""merged"": [0], ""collection_size"": 3, ""current_idx"": 6, ""best_idx"": 5, ""acc_current_on_warning"": 0.5274625024309276, ""acc_best_on_warning"": 0.5274625024309276, ""acc_new_on_warning"": 0.4466621178488278, ""winner_initial"": ""reused_copy"", ""acc_on_buffer"": {""4"": 0.15140782833573174, ""5"": 0.5274625024309276}, ""similarity_metric"": ""residual_pearson"", ""merge_pairs"": [[5, 0]], ""slot_eras"""
