round,family,learner,warning_t,confirmation_t,label,src,since_conf,ref_age,cov,rr,w0,w1,raw_w0,raw_w1,err_w0,err_w1
E12,SYN2g45-REG-sud4,htr,8391,8391,orphan,ref,8391,8191,0.30571142284569136,1.0219497996233649,,,,,,
E12,SYN2g45-REG-sud4,htr,14778,14778,hit,ref,6387,5887,0.30571142284569136,1.4250774534502448,,,,,,
E12,SYN2g45-REG-sud4,htr,27469,27501,hit,ref,12723,12223,0.30571142284569136,0.7989325734900576,,,,,,
E12,SYN2g45-REG-sud4,htr,37901,37933,hit,guard,10432,9932,0.30571142284569136,1.7546661100820058,10048.0,384.0,1.7802230116202191,2.7289345438445523,0.49208825388999705,0.5863649632295584
E12,SYN2g45-REG-sud4,htr,44973,45101,orphan,guard,7168,6668,0.30571142284569136,1.0078407870663564,1024.0,6144.0,2.47535453681206,1.9831678013870206,0.46241830456023447,0.4819441268660092
E12,SYN2g45-REG-sud4,htr,62605,62605,hit,guard,17504,17004,0.30571142284569136,1.6232975750649594,7808.0,640.0,2.119487030739684,2.7745705959441085,0.480179058983902,0.5388323783248505
E12,SYN2g45-REG-sud4,htr,72909,72941,hit,guard,10336,9836,0.30571142284569136,1.3018181834267963,3072.0,7264.0,2.2126512860083145,1.901897010061199,0.4807446559638766,0.4831338322653762
E12,SYN2g45-REG-sud4,htr,81920,81984,hit,ref,9043,8543,0.30571142284569136,1.1310585795039843,,,,,,
E12,SYN2g45-REG-sud4,htr,94592,94592,hit,guard,12608,12108,0.30571142284569136,1.7596754479564212,2048.0,10560.0,2.0237506259407416,1.836794363913917,0.4841256726586613,0.4901478957023809
E12,SYN2g45-REG-sud4,hfr,4007,4199,hit,ref,4199,3999,0.30571142284569136,1.0513523419096273,,,,,,
E12,SYN2g45-REG-sud4,hfr,14906,14906,hit,ref,10707,10207,0.30571142284569136,1.6093787461347284,,,,,,
E12,SYN2g45-REG-sud4,hfr,20410,20506,orphan,guard,5600,5100,0.30571142284569136,0.91232294006326,1024.0,4576.0,4.782137306011883,4.577293788723696,0.4766082645673909,0.494163867399751
E12,SYN2g45-REG-sud4,hfr,37818,37914,hit,guard,17408,16908,0.30571142284569136,1.3150133535295727,7680.0,3584.0,3.409335329706513,3.4574535961014345,0.4583370049349804,0.47690184761166204
E12,SYN2g45-REG-sud4,hfr,46989,47661,hit,ref,9747,9247,0.30571142284569136,1.0051660088611845,,,,,,
E12,SYN2g45-REG-sud4,hfr,74240,74272,hit,ref,26611,26111,0.30571142284569136,0.9476332387068847,,,,,,
E12,SYN2g45-REG-sud4,hfr,81600,81664,hit,guard,7392,6892,0.30571142284569136,1.2584087703645912,2048.0,5344.0,2.9433959247401864,2.998403488623383,0.4898780746532405,0.5014579065044261
E12,SYN2g45-REG-sud4,hfr,95232,95296,hit,guard,13632,13132,0.30571142284569136,1.157755000305186,2048.0,11584.0,3.3880060308923907,3.437553245578109,0.49599430061141303,0.503080205808543
E12,SYN2g45-REG-grad4,htr,3239,3463,hit,ref,3463,3263,0.32072144288577153,0.9453168903498944,,,,,,
E12,SYN2g45-REG-grad4,htr,17274,17306,hit,ref,13843,13343,0.32072144288577153,1.2332461525866882,,,,,,
E12,SYN2g45-REG-grad4,htr,28813,28813,hit,ref,11507,11007,0.32072144288577153,0.9368079516896952,,,,,,
E12,SYN2g45-REG-grad4,htr,37792,37824,hit,ref,9011,8511,0.32072144288577153,1.4967714687914369,,,,,,
E12,SYN2g45-REG-grad4,htr,53811,53811,hit,ref,15987,15487,0.32072144288577153,1.089730594435468,,,,,,
E12,SYN2g45-REG-grad4,htr,66003,66003,orphan,guard,12192,11692,0.32072144288577153,1.0771469275405088,2048.0,10144.0,1.9476342679500136,1.7978681897463578,0.48139267245499473,0.49029298885983635
E12,SYN2g45-REG-grad4,htr,77523,77523,hit,guard,11520,11020,0.32072144288577153,1.2446847015408289,8704.0,1280.0,1.503773238501934,1.613002750580926,0.48047646201631056,0.5068894952733025
E12,SYN2g45-REG-grad4,htr,91411,91475,hit,guard,13952,13452,0.32072144288577153,1.461760075552291,2048.0,11904.0,1.9127513008746062,1.6331780136526017,0.4773355370642458,0.48762198674446167
E12,SYN2g45-REG-grad4,hfr,3207,3303,hit,ref,3303,3103,0.32072144288577153,0.9690407453918619,,,,,,
E12,SYN2g45-REG-grad4,hfr,18138,18138,hit,ref,14835,14335,0.32072144288577153,1.042455279490066,,,,,,
E12,SYN2g45-REG-grad4,hfr,37850,37882,hit,guard,19744,19244,0.32072144288577153,1.3174076748462478,5120.0,5408.0,2.7848002023255476,2.831470547432753,0.4693777653880355,0.48274499926413855
E12,SYN2g45-REG-grad4,hfr,54221,54445,hit,ref,16563,16063,0.32072144288577153,0.8462307283800269,,,,,,
E12,SYN2g45-REG-grad4,hfr,61600,61856,orphan,ref,7411,6911,0.32072144288577153,0.9764595893353846,,,,,,
E12,SYN2g45-REG-grad4,hfr,69683,69747,hit,ref,7891,7391,0.32072144288577153,0.8711543545704203,,,,,,
E12,SYN2g45-REG-grad4,hfr,77542,77574,hit,ref,7827,7327,0.32072144288577153,1.1845619062459982,,,,,,
E12,SYN2g45-REG-grad4,hfr,91942,92006,hit,guard,14432,13932,0.32072144288577153,1.0453013197510423,2048.0,12384.0,3.0204876861980496,2.9321177106899543,0.49199289846636063,0.4995451556119654
E12,SYN2g45-REG-inc4,htr,8903,8967,hit,ref,8967,8767,0.20045090180360722,0.9671107956986577,,,,,,
E12,SYN2g45-REG-inc4,htr,21383,21415,orphan,guard,12448,11948,0.20045090180360722,0.8716634729695266,2048.0,8352.0,1.557012628407978,1.5995708439202603,0.48885806990577785,0.4971064000825617
E12,SYN2g45-REG-inc4,htr,28826,28826,hit,ref,7411,6911,0.20045090180360722,1.2675825008101904,,,,,,
E12,SYN2g45-REG-inc4,htr,42906,42906,hit,guard,14080,13580,0.20045090180360722,0.9695978568088658,1024.0,6144.0,1.8268663915958898,1.7807544518952099,0.4451556997716498,0.4565766226484693
E12,SYN2g45-REG-inc4,htr,47066,47738,orphan,guard,4832,4332,0.20045090180360722,1.0446012818411374,512.0,4320.0,2.030878363499472,1.6183980404735516,0.4688461316640315,0.48606016930062573
E12,SYN2g45-REG-inc4,htr,63725,63789,hit,ref,16051,15551,0.20045090180360722,1.3528118148104364,,,,,,
E12,SYN2g45-REG-inc4,htr,85485,85600,hit,ref,21811,21311,0.20045090180360722,1.2161766615391614,,,,,,
E12,SYN2g45-REG-inc4,hfr,28976,29063,hit,guard,29063,28863,0.20045090180360722,1.4277542724959849,4096.0,24768.0,2.971950303842628,2.976595982154745,0.4977291362671489,0.5009470385861865
E12,SYN2g45-REG-inc4,hfr,43898,43898,hit,ref,14835,14335,0.20045090180360722,0.8030449551191955,,,,,,
E12,SYN2g45-REG-inc4,hfr,64026,64058,hit,guard,20160,19660,0.20045090180360722,1.2972114983451914,8192.0,11968.0,3.046481044685269,3.056059964093754,0.49827515307853054,0.5012814788277538
E12,SYN2g45-REG-inc4,hfr,86541,86733,hit,ref,22675,22175,0.20045090180360722,1.0148946009479147,,,,,,
E12,SYN2g45-REG-rec4,htr,4039,4071,hit,ref,4071,3871,0.18342685370741482,1.4995198083491854,,,,,,
E12,SYN2g45-REG-rec4,htr,23079,23111,hit,guard,19040,18540,0.18342685370741482,1.4420376184941992,8192.0,10848.0,2.218958979844366,2.0842818865139146,0.4848381969785216,0.48921169798471753
E12,SYN2g45-REG-rec4,htr,27719,27719,orphan,guard,4608,4108,0.18342685370741482,1.0879058856409203,512.0,4096.0,2.0914676349517585,1.8273322682452329,0.4663204146963207,0.4902450104356336
E12,SYN2g45-REG-rec4,htr,35591,35591,hit,guard,7872,7372,0.18342685370741482,1.751042825505683,7680.0,192.0,1.7309972413951806,3.5806889798412116,0.491747340412304,0.6695646550884543
E12,SYN2g45-REG-rec4,htr,52218,52218,hit,ref,16627,16127,0.18342685370741482,1.3529786217233448,,,,,,
E12,SYN2g45-REG-rec4,htr,72397,72429,hit,ref,20211,19711,0.18342685370741482,2.0569917311327544,,,,,,
E12,SYN2g45-REG-rec4,htr,89536,89536,hit,ref,17107,16607,0.18342685370741482,1.4827612162680432,,,,,,
E12,SYN2g45-REG-rec4,hfr,4007,4071,hit,ref,4071,3871,0.18342685370741482,1.5289040247979773,,,,,,
E12,SYN2g45-REG-rec4,hfr,17383,17882,orphan,ref,13811,13311,0.18342685370741482,0.9552048318091192,,,,,,
E12,SYN2g45-REG-rec4,hfr,23213,23469,hit,ref,5587,5087,0.18342685370741482,0.9853597636485939,,,,,,
E12,SYN2g45-REG-rec4,hfr,35744,35744,hit,ref,12275,11775,0.18342685370741482,1.6693282918005647,,,,,,
E12,SYN2g45-REG-rec4,hfr,52883,52883,hit,ref,17139,16639,0.18342685370741482,0.8344632589756708,,,,,,
E12,SYN2g45-REG-rec4,hfr,72531,72563,hit,guard,19680,19180,0.18342685370741482,1.814131530671707,2048.0,17632.0,3.1172158645387413,2.964571516731192,0.48685163361279715,0.4971591333149701
E12,SYN2g45-REG-rec4,hfr,89830,90022,hit,ref,17459,16959,0.18342685370741482,0.9559338218317525,,,,,,
E12,SYN2g45-REG-sud5,htr,6983,6983,hit,guard,6983,6783,0.18342685370741482,1.6659964928976159,1024.0,5760.0,2.413582494506353,1.9236953867981172,0.47487997412191374,0.4832272927222819
E12,SYN2g45-REG-sud5,htr,15207,15559,orphan,guard,8576,8076,0.18342685370741482,1.0199645331916445,1024.0,7552.0,3.0014668509264295,2.3249850173459876,0.47387751040865367,0.4809645701249876
E12,SYN2g45-REG-sud5,htr,25594,25626,hit,ref,10067,9567,0.18342685370741482,1.4760187308959045,,,,,,
E12,SYN2g45-REG-sud5,htr,29210,29690,orphan,guard,4064,3564,0.18342685370741482,0.9890563657569141,512.0,3552.0,3.0500727183547185,1.9672516287662862,0.4568209184223454,0.46959148351856195
E12,SYN2g45-REG-sud5,htr,44909,45549,orphan,ref,15859,15359,0.18342685370741482,0.9983786754341132,,,,,,
E12,SYN2g45-REG-sud5,htr,55021,55021,hit,guard,9472,8972,0.18342685370741482,1.181477080643421,1024.0,8448.0,1.586235756323655,1.4717395865905836,0.48880639036686924,0.4935994039522937
E12,SYN2g45-REG-sud5,htr,76246,76525,hit,guard,21504,21004,0.18342685370741482,0.9844141151355177,7168.0,5120.0,1.9014803769865563,1.9627055285926303,0.4901727625036595,0.4992500838292564
E12,SYN2g45-REG-sud5,htr,89568,89568,hit,ref,13043,12543,0.18342685370741482,1.0928503725396723,,,,,,
E12,SYN2g45-REG-sud5,hfr,7079,7079,hit,ref,7079,6879,0.18342685370741482,1.80894949692547,,,,,,
E12,SYN2g45-REG-sud5,hfr,26128,26906,hit,ref,19827,19327,0.18342685370741482,0.9198274698646248,,,,,,
E12,SYN2g45-REG-sud5,hfr,42765,42765,hit,ref,15859,15359,0.18342685370741482,0.993976973632557,,,,,,
E12,SYN2g45-REG-sud5,hfr,55341,55405,hit,guard,12640,12140,0.18342685370741482,1.3342689078499868,2048.0,10592.0,3.1051582305873846,3.03864323283243,0.4927291435361274,0.49898808391538185
E12,SYN2g45-REG-sud5,hfr,76064,76192,hit,ref,20787,20287,0.18342685370741482,0.8953290252678628,,,,,,
E12,SYN2g45-REG-sud5,hfr,89043,89107,hit,ref,12915,12415,0.18342685370741482,1.154161502803962,,,,,,
E12,SYN2g45-REG-grad5,htr,7623,7623,hit,ref,7623,7423,0.36081162324649296,1.3543735248695425,,,,,,
E12,SYN2g45-REG-grad5,htr,15994,16058,hit,ref,8435,7935,0.36081162324649296,1.2162777397589422,,,,,,
E12,SYN2g45-REG-grad5,htr,30509,30541,hit,ref,14483,13983,0.36081162324649296,1.1805579890399085,,,,,,
E12,SYN2g45-REG-grad5,htr,34317,34349,hit,guard,3808,3308,0.36081162324649296,1.4237918333527713,1024.0,2784.0,2.0573747028163467,1.5944584380647193,0.46305352505606723,0.47705343553468976
E12,SYN2g45-REG-grad5,htr,46061,46125,hit,guard,11776,11276,0.36081162324649296,1.6064463678252499,10880.0,640.0,2.1125909092076833,2.8663564001472297,0.4814394382776848,0.5551165802048283
E12,SYN2g45-REG-grad5,htr,63213,63245,hit,guard,17120,16620,0.36081162324649296,1.6373821665334392,16384.0,736.0,1.6069166322093966,2.0894722879471233,0.49047713140679317,0.5604651546934902
E12,SYN2g45-REG-grad5,htr,75360,75392,hit,ref,12147,11647,0.36081162324649296,1.2314692972835988,,,,,,
E12,SYN2g45-REG-grad5,htr,81011,81011,hit,ref,5619,5119,0.36081162324649296,1.1880783834062303,,,,,,
E12,SYN2g45-REG-grad5,htr,94438,94470,hit,ref,13459,12959,0.36081162324649296,1.4684506452794366,,,,,,
E12,SYN2g45-REG-grad5,hfr,7623,7655,hit,ref,7655,7455,0.36081162324649296,1.1668558179728565,,,,,,
E12,SYN2g45-REG-grad5,hfr,15834,15834,hit,ref,8179,7679,0.36081162324649296,1.2176159833467513,,,,,,
E12,SYN2g45-REG-grad5,hfr,31565,31629,hit,ref,15795,15295,0.36081162324649296,0.8730104015735878,,,,,,
E12,SYN2g45-REG-grad5,hfr,34528,34541,hit,guard,2912,2412,0.36081162324649296,1.462326246970466,1280.0,1632.0,2.8812541095584883,3.069859992980521,0.4935698714513482,0.5158332173410762
E12,SYN2g45-REG-grad5,hfr,48448,48576,hit,ref,14035,13535,0.36081162324649296,0.9217685221214174,,,,,,
E12,SYN2g45-REG-grad5,hfr,63219,63232,hit,guard,14656,14156,0.36081162324649296,1.5360785288532186,2048.0,12608.0,2.534938000091289,2.529848386683215,0.4967427063613555,0.5012983681674796
E12,SYN2g45-REG-grad5,hfr,76019,76019,hit,ref,12787,12287,0.36081162324649296,0.8955735733554585,,,,,,
E12,SYN2g45-REG-grad5,hfr,81382,81510,hit,ref,5491,4991,0.36081162324649296,1.0044479228927126,,,,,,
E12,SYN2g45-REG-grad5,hfr,95737,95801,hit,ref,14291,13791,0.36081162324649296,1.0761623237490743,,,,,,
E12,SYN2g45-REG-inc5,htr,9095,9159,hit,ref,9159,8959,0.20045090180360722,1.1905027557430132,,,,,,
E12,SYN2g45-REG-inc5,htr,28314,28346,hit,ref,19187,18687,0.20045090180360722,0.9315477831209551,,,,,,
E12,SYN2g45-REG-inc5,htr,44090,44314,hit,guard,15968,15468,0.20045090180360722,1.1044182917842604,2048.0,13920.0,2.1523448823491975,1.845101560463148,0.4798133838276084,0.4875369868930712
E12,SYN2g45-REG-inc5,htr,69389,69389,orphan,ref,25075,24575,0.20045090180360722,0.975195930041789,,,,,,
E12,SYN2g45-REG-inc5,hfr,10183,10279,hit,ref,10279,10079,0.20045090180360722,0.9888574311665734,,,,,,
E12,SYN2g45-REG-inc5,hfr,28007,28039,hit,guard,17760,17260,0.20045090180360722,1.1050525541510137,4096.0,13664.0,2.805923658765479,2.807858165230311,0.4959857305205608,0.5001113393834443
E12,SYN2g45-REG-inc5,hfr,73095,73095,orphan,guard,45056,44556,0.20045090180360722,0.9785287229183475,8192.0,36864.0,3.228925568723688,3.287410358788002,0.4963976577386321,0.5009625027010604
E12,SYN2g45-REG-inc5,hfr,86042,86490,hit,ref,13395,12895,0.20045090180360722,1.021573296254368,,,,,,
E12,SYN2g45-REG-rec5,htr,4583,4647,hit,ref,4647,4447,0.39937875751503005,1.1642732789207397,,,,,,
E12,SYN2g45-REG-rec5,htr,10010,10010,hit,ref,5363,4863,0.39937875751503005,1.0027927215484471,,,,,,
E12,SYN2g45-REG-rec5,htr,28941,29466,hit,guard,19456,18956,0.39937875751503005,1.3402254421881012,18176.0,1280.0,1.7503245959409983,2.139886953760869,0.4912465179443853,0.5409385973153171
E12,SYN2g45-REG-rec5,htr,38829,38829,hit,ref,9363,8863,0.39937875751503005,0.9414590011992419,,,,,,
E12,SYN2g45-REG-rec5,htr,44352,44384,hit,ref,5555,5055,0.39937875751503005,1.1315859329311122,,,,,,
E12,SYN2g45-REG-rec5,htr,54099,54099,hit,ref,9715,9215,0.39937875751503005,0.9602028686351727,,,,,,
E12,SYN2g45-REG-rec5,htr,68710,68742,hit,ref,14643,14143,0.39937875751503005,1.2249962147901978,,,,,,
E12,SYN2g45-REG-rec5,htr,78649,78681,hit,ref,9939,9439,0.39937875751503005,0.991740293716772,,,,,,
E12,SYN2g45-REG-rec5,htr,87372,87372,hit,ref,8691,8191,0.39937875751503005,1.2668818815787224,,,,,,
E12,SYN2g45-REG-rec5,htr,98175,98207,hit,ref,10835,10335,0.39937875751503005,0.9867258938747856,,,,,,
E12,SYN2g45-REG-rec5,hfr,4167,4167,hit,ref,4167,3967,0.39937875751503005,1.089876956457241,,,,,,
E12,SYN2g45-REG-rec5,hfr,29063,29127,hit,guard,24960,24460,0.39937875751503005,1.23797387439761,1664.0,896.0,2.8942489336274466,3.3856766709110526,0.4897925417395456,0.5259998132849231
E12,SYN2g45-REG-rec5,hfr,43962,44455,hit,guard,15328,14828,0.39937875751503005,1.4095009091460124,6272.0,864.0,2.951058648347653,3.5455428210704647,0.4765660922228814,0.5233409545169565
E12,SYN2g45-REG-rec5,hfr,68007,68487,hit,guard,24032,23532,0.39937875751503005,1.152816499210034,4096.0,12768.0,3.0132370390631316,2.89895328476843,0.4774159927305547,0.4834069008500573
E12,SYN2g45-REG-rec5,hfr,85530,86362,orphan,ref,17875,17375,0.39937875751503005,1.1054962720781252,,,,,,
E12,SYN2g45-REG-rec5,hfr,87610,88154,hit,guard,1792,1292,0.39937875751503005,1.2156113972530258,256.0,1536.0,2.8233535680625397,3.3617798203107454,0.487825365791825,0.5279510842877201
D2,SYN2-REG-sud,htr,3783,3783,hit,ref,3783,3583,0.15285571142284568,1.338829013745256,,,,,,
D2,SYN2-REG-sud,htr,24048,24154,hit,ref,20371,19871,0.15285571142284568,1.667182820306226,,,,,,
D2,SYN2-REG-sud,htr,48026,48058,hit,guard,23904,23404,0.15285571142284568,1.8673908198523703,2048.0,15712.0,1.789224313830829,1.7674107689249814,0.47260334618031463,0.48341341017796424
D2,SYN2-REG-sud,htr,64442,64442,hit,guard,16384,15884,0.15285571142284568,0.9947820317979977,4096.0,12288.0,2.4118014826923093,2.210907152651957,0.48092781437351556,0.4892507533096828
D2,SYN2-REG-sud,htr,86605,86605,hit,ref,22163,21663,0.15285571142284568,2.06718081896539,,,,,,
D2,SYN2-REG-sud,hfr,3719,3751,hit,both,3751,3551,0.15285571142284568,1.3760650986562546,512.0,3040.0,3.0594027068400225,3.110766916777913,0.49738783464233366,0.5056196952074541
D2,SYN2-REG-sud,hfr,28058,28826,orphan,ref,25075,24575,0.15285571142284568,0.9725342307548938,,,,,,
D2,SYN2-REG-sud,hfr,47981,48013,hit,ref,19187,18687,0.15285571142284568,1.4713333855182256,,,,,,
D2,SYN2-REG-sud,hfr,86912,86976,hit,ref,38963,38463,0.15285571142284568,0.8697508009194811,,,,,,
D2,SYN2-REG-grad,htr,4871,4903,hit,ref,4903,4703,0.36081162324649296,1.356410065127156,,,,,,
D2,SYN2-REG-grad,htr,17978,18042,hit,ref,13139,12639,0.36081162324649296,0.825516481130273,,,,,,
D2,SYN2-REG-grad,htr,27437,27501,hit,ref,9459,8959,0.36081162324649296,1.1262584612576154,,,,,,
D2,SYN2-REG-grad,htr,37952,37952,hit,ref,10451,9951,0.36081162324649296,1.2268278324842243,,,,,,
D2,SYN2-REG-grad,htr,61683,61715,hit,ref,23763,23263,0.36081162324649296,1.353327622576515,,,,,,
D2,SYN2-REG-grad,htr,68275,68723,orphan,guard,7008,6508,0.36081162324649296,1.0202059598276754,1024.0,5984.0,3.4410547900912514,2.926443235188252,0.47397033024960933,0.4848648193059837
D2,SYN2-REG-grad,htr,70086,70246,hit,ref,1523,1023,0.36081162324649296,0.7846741128029325,,,,,,
D2,SYN2-REG-grad,htr,82105,82137,hit,ref,11891,11391,0.36081162324649296,1.3075103404112378,,,,,,
D2,SYN2-REG-grad,htr,93644,93644,hit,ref,11507,11007,0.36081162324649296,0.9947023571147613,,,,,,
D2,SYN2-REG-grad,hfr,4839,4871,hit,both,4871,4671,0.36081162324649296,1.2811363714453519,512.0,4160.0,3.290855437118925,3.0733054484294766,0.4818382508918444,0.4986216250101858
D2,SYN2-REG-grad,hfr,21754,21978,orphan,ref,17107,16607,0.36081162324649296,0.9325478276247594,,,,,,
D2,SYN2-REG-grad,hfr,28429,28525,hit,ref,6547,6047,0.36081162324649296,1.0630271251820462,,,,,,
D2,SYN2-REG-grad,hfr,38016,38048,hit,ref,9523,9023,0.36081162324649296,1.2267343664482278,,,,,,
D2,SYN2-REG-grad,hfr,61811,61843,hit,ref,23795,23295,0.36081162324649296,1.4794608106533276,,,,,,
D2,SYN2-REG-grad,hfr,70342,70406,hit,ref,8563,8063,0.36081162324649296,0.8746608537727799,,,,,,
D2,SYN2-REG-grad,hfr,83193,83193,hit,ref,12787,12287,0.36081162324649296,1.0358598254474005,,,,,,
D2,SYN2-REG-grad,hfr,92652,92748,hit,ref,9555,9055,0.36081162324649296,0.8091622944072615,,,,,,
D2,SYN2-REG-inc,htr,5479,5543,hit,guard,5543,5343,0.40090180360721445,1.2854689983457783,2048.0,3296.0,2.2176659270475065,1.9114059312143004,0.471269859235411,0.4811040754297031
D2,SYN2-REG-inc,htr,12858,12890,hit,ref,7347,6847,0.40090180360721445,1.1118910341943242,,,,,,
D2,SYN2-REG-inc,htr,22221,22221,hit,ref,9331,8831,0.40090180360721445,0.8969328175151045,,,,,,
D2,SYN2-REG-inc,htr,36288,36288,hit,ref,14067,13567,0.40090180360721445,1.3328665165390892,,,,,,
D2,SYN2-REG-inc,htr,42899,42931,hit,ref,6643,6143,0.40090180360721445,0.8473261735005491,,,,,,
D2,SYN2-REG-inc,htr,52518,52518,hit,ref,9587,9087,0.40090180360721445,1.3704988017352553,,,,,,
D2,SYN2-REG-inc,htr,65977,66169,hit,ref,13651,13151,0.40090180360721445,1.0437832003656138,,,,,,
D2,SYN2-REG-inc,htr,76153,76217,hit,guard,10048,9548,0.40090180360721445,1.0788099091360182,1024.0,9024.0,3.810019385666553,2.661021231477296,0.46454648128006293,0.47368762479904164
D2,SYN2-REG-inc,htr,87874,88396,hit,ref,12179,11679,0.40090180360721445,1.1144052611685409,,,,,,
D2,SYN2-REG-inc,htr,95647,95679,hit,ref,7283,6783,0.40090180360721445,1.3287894936002203,,,,,,
D2,SYN2-REG-inc,hfr,5319,5383,hit,ref,5383,5183,0.40090180360721445,1.1068987035993276,,,,,,
D2,SYN2-REG-inc,hfr,12890,12954,hit,ref,7571,7071,0.40090180360721445,1.1926021303465808,,,,,,
D2,SYN2-REG-inc,hfr,24717,24717,hit,ref,11763,11263,0.40090180360721445,0.9345702827365961,,,,,,
D2,SYN2-REG-inc,hfr,36736,36800,hit,ref,12083,11583,0.40090180360721445,1.1343202541127393,,,,,,
D2,SYN2-REG-inc,hfr,41907,41939,hit,ref,5139,4639,0.40090180360721445,0.8493971146056732,,,,,,
D2,SYN2-REG-inc,hfr,52934,52934,hit,ref,10995,10495,0.40090180360721445,1.51197865409915,,,,,,
D2,SYN2-REG-inc,hfr,65926,66022,hit,guard,13088,12588,0.40090180360721445,1.160768946101411,2048.0,11040.0,4.586062055602838,4.336439596847633,0.4902252758930775,0.49547678949243334
D2,SYN2-REG-inc,hfr,76633,76633,hit,ref,10611,10111,0.40090180360721445,0.9051449728829587,,,,,,
D2,SYN2-REG-inc,hfr,96313,96345,hit,guard,19712,19212,0.40090180360721445,1.2002181034168977,14336.0,5376.0,2.824567159689362,2.861194065782128,0.49597666790026435,0.5034493005000191
D2,SYN2-REG-rec,htr,3783,3911,hit,guard,3911,3711,0.3054308617234469,1.1064512758753207,2048.0,1664.0,2.25451086028273,2.1460331714095062,0.47610523675093663,0.49238453935760995
D2,SYN2-REG-rec,htr,26535,26567,hit,guard,22656,22156,0.3054308617234469,1.1636823424379648,5120.0,5248.0,1.7874587498564707,1.7680013700147375,0.46284248288275753,0.470359161358622
D2,SYN2-REG-rec,htr,39546,40122,orphan,ref,13555,13055,0.3054308617234469,1.0013430177924034,,,,,,
D2,SYN2-REG-rec,htr,46819,47258,hit,guard,7136,6636,0.3054308617234469,1.4534500568517672,128.0,832.0,1.5617883059615585,2.070797937925043,0.48939349297605717,0.5449838455808157
D2,SYN2-REG-rec,htr,65498,65562,hit,guard,18304,17804,0.3054308617234469,1.2505408892493743,10752.0,1408.0,1.626425675447929,1.8076750793691139,0.4724140677923861,0.5029477162911011
D2,SYN2-REG-rec,htr,72205,72205,hit,ref,6643,6143,0.3054308617234469,0.8987657821227988,,,,,,
D2,SYN2-REG-rec,htr,87072,87136,hit,ref,14931,14431,0.3054308617234469,1.2400042023330118,,,,,,
D2,SYN2-REG-rec,hfr,10951,10951,orphan,guard,10951,10751,0.3054308617234469,0.9682988414247039,2048.0,8704.0,3.019491641795094,3.1261498357262116,0.49227828154378495,0.5030399701126567
D2,SYN2-REG-rec,hfr,26887,27111,hit,guard,16160,15660,0.3054308617234469,1.0399040848694667,10240.0,5920.0,2.985898294896485,2.9553528046600186,0.4957523685329047,0.4985872894840853
D2,SYN2-REG-rec,hfr,51495,51687,orphan,guard,24576,24076,0.3054308617234469,1.004046475042838,15360.0,5120.0,2.9441856863583817,3.117504935739042,0.4932719833275853,0.5089397803009877
D2,SYN2-REG-rec,hfr,68071,68071,orphan,guard,16384,15884,0.3054308617234469,1.0570860317480102,4096.0,12288.0,2.991451701157197,2.9695728631686875,0.4924980117986749,0.5011078424534391
D2,SYN2-REG-rec,hfr,88455,88551,hit,guard,20480,19980,0.3054308617234469,1.021870844672056,6144.0,12288.0,2.9145789197759906,2.91529321132003,0.4899712288009262,0.4985294472762451
