config_id,family,description,dataset_group,file,samples,max_steps,warm_start,groundtruth_drift_count,groundtruth_drift_times,detected_drift_events,prequential_accuracy,mistake_count,runtime_s,model_type,signal_mode,uq_mode,warning_detector,drift_detector,warning_signal,drift_signal,detector_delta,detector_delta_w,detector_min_instances,ecpf_uq_delta,ecpf_uq_smoothing_alpha,ecpf_uq_warning_timeout,pool_alive_final,pool_size_mean,cd_warning_tp,cd_warning_fp,cd_warning_n,cd_warning_score_pct,cd_confirmation_tp,cd_confirmation_fp,cd_confirmation_n,cd_confirmation_score_pct,count_score_confirmation,count_score_warning,mean_warning_delay,matched_warning_drifts,mean_confirmation_delay,matched_confirmation_drifts,mean_warning_to_confirm_age,post_drift_error_rate_1000,mean_recovery_delay,false_event_count,false_adaptation_cost,reuse_best_beats_current_rate,reuse_new_beats_current_rate,reuse_eval_event_count
uq_entropy_seqdrift2,UQ_detector_matrix,"predictive_entropy warning signal with SeqDrift2 warning/error-confirmation detectors (warning_delta=0.55, drift_delta=0.553).",recurring,recurring_sud_sea100k_g00.csv,50000,50000,200,5,14476 20300 24709 40858 49364,18,0.9503413654618474,2473,57.6557148,hf,hybrid_adwin_family,predictive_entropy,seqdrift2,seqdrift2,uq_entropy,error,0.553,0.55,30,0.01,0.1,1000,4,2.582389558232932,2,15,5,0.0,3,13,5,0.0,0.0,0.0,666.3333333333334,3,99.66666666666667,3,2372.222222222222,0.05633385826771655,0.0,13.0,-0.029230769230769206,0.16666666666666666,0.3333333333333333,18.0
uq_entropy_seqdrift2,UQ_detector_matrix,"predictive_entropy warning signal with SeqDrift2 warning/error-confirmation detectors (warning_delta=0.55, drift_delta=0.553).",recurring,recurring_sud_sea100k_g01.csv,50000,50000,200,4,4631 13318 28724 45219,26,0.9566064257028113,2161,68.2551868,hf,hybrid_adwin_family,predictive_entropy,seqdrift2,seqdrift2,uq_entropy,error,0.553,0.55,30,0.01,0.1,1000,8,4.92785140562249,3,22,4,0.0,4,21,4,0.0,0.0,0.0,726.0,4,326.0,4,1450.0,0.08625,43.5,21.0,-0.030714285714285673,0.46153846153846156,0.6153846153846154,26.0
uq_entropy_seqdrift2,UQ_detector_matrix,"predictive_entropy warning signal with SeqDrift2 warning/error-confirmation detectors (warning_delta=0.55, drift_delta=0.553).",recurring,recurring_sud_sea100k_g02.csv,50000,50000,200,3,10693 23213 36092,13,0.9525502008032128,2363,51.9112379,hf,hybrid_adwin_family,predictive_entropy,seqdrift2,seqdrift2,uq_entropy,error,0.553,0.55,30,0.01,0.1,1000,4,3.4699397590361447,3,10,3,0.0,2,10,3,0.0,0.0,0.0,499.6666666666667,3,246.0,2,2669.230769230769,0.07066666666666666,77.0,10.0,-0.020499999999999984,0.38461538461538464,0.6923076923076923,13.0
uq_entropy_seqdrift2,UQ_detector_matrix,"predictive_entropy warning signal with SeqDrift2 warning/error-confirmation detectors (warning_delta=0.55, drift_delta=0.553).",recurring,recurring_sud_sea100k_g03.csv,50000,50000,200,5,8454 19297 31292 39513 44854,23,0.9527710843373494,2352,65.26646500000001,hf,hybrid_adwin_family,predictive_entropy,seqdrift2,seqdrift2,uq_entropy,error,0.553,0.55,30,0.01,0.1,1000,4,3.975963855421687,5,18,5,0.0,5,17,5,0.0,0.0,0.0,437.0,5,197.0,5,1782.608695652174,0.07359999999999997,117.8,17.0,-0.041764705882352905,0.6086956521739131,0.6956521739130435,23.0
uq_entropy_seqdrift2,UQ_detector_matrix,"predictive_entropy warning signal with SeqDrift2 warning/error-confirmation detectors (warning_delta=0.55, drift_delta=0.553).",recurring,recurring_sud_sea100k_g04.csv,50000,50000,200,4,18553 23804 34357 39011,14,0.9406224899598393,2957,55.66424000000001,hf,hybrid_adwin_family,predictive_entropy,seqdrift2,seqdrift2,uq_entropy,error,0.553,0.55,30,0.01,0.1,1000,7,4.626626506024096,4,10,4,0.0,4,10,4,0.0,0.0,0.0,342.75,4,117.75,4,2464.285714285714,0.11524999999999999,408.25,10.0,-0.04499999999999997,0.6428571428571429,0.7857142857142857,14.0
uq_entropy_seqdrift2,UQ_detector_matrix,"predictive_entropy warning signal with SeqDrift2 warning/error-confirmation detectors (warning_delta=0.55, drift_delta=0.553).",recurring,recurring_sud_sea100k_g05.csv,50000,50000,200,4,9764 14788 25836 38906,18,0.9464859437751004,2665,55.075180399999965,hf,hybrid_adwin_family,predictive_entropy,seqdrift2,seqdrift2,uq_entropy,error,0.553,0.55,30,0.01,0.1,1000,5,4.486024096385542,4,14,4,0.0,4,14,4,0.0,0.0,0.0,375.5,4,125.5,4,1827.7777777777778,0.11350000000000002,686.75,14.0,-0.03678571428571426,0.4444444444444444,0.5,18.0
uq_entropy_seqdrift2,UQ_detector_matrix,"predictive_entropy warning signal with SeqDrift2 warning/error-confirmation detectors (warning_delta=0.55, drift_delta=0.553).",recurring,recurring_sud_sea100k_g06.csv,50000,50000,200,4,12981 22149 28309 41433,21,0.9546385542168675,2259,60.63830869999998,hf,hybrid_adwin_family,predictive_entropy,seqdrift2,seqdrift2,uq_entropy,error,0.553,0.55,30,0.01,0.1,1000,6,3.4619477911646586,4,16,4,0.0,4,15,4,0.0,0.0,0.0,381.0,4,131.0,4,1804.7619047619048,0.10699999999999998,679.25,15.0,-0.024999999999999984,0.5238095238095238,0.6666666666666666,21.0
uq_entropy_seqdrift2,UQ_detector_matrix,"predictive_entropy warning signal with SeqDrift2 warning/error-confirmation detectors (warning_delta=0.55, drift_delta=0.553).",recurring,recurring_sud_sea100k_g07.csv,50000,50000,200,4,5095 14736 25506 44797,21,0.9563052208835341,2176,54.68942190000001,hf,hybrid_adwin_family,predictive_entropy,seqdrift2,seqdrift2,uq_entropy,error,0.553,0.55,30,0.01,0.1,1000,3,2.534176706827309,3,18,4,0.0,4,15,4,0.0,0.0,0.0,1015.5,4,365.5,4,1742.857142857143,0.07600000000000001,138.5,15.0,-0.026333333333333306,0.19047619047619047,0.19047619047619047,21.0
uq_entropy_seqdrift2,UQ_detector_matrix,"predictive_entropy warning signal with SeqDrift2 warning/error-confirmation detectors (warning_delta=0.55, drift_delta=0.553).",recurring,recurring_sud_sea100k_g08.csv,50000,50000,200,4,12151 30170 38530 48495,14,0.9655421686746988,1716,68.11338740000002,hf,hybrid_adwin_family,predictive_entropy,seqdrift2,seqdrift2,uq_entropy,error,0.553,0.55,30,0.01,0.1,1000,5,3.9599196787148596,3,11,4,0.0,3,11,4,0.0,0.0,0.0,634.0,3,334.0,3,3150.0,0.050000000000000044,0.0,11.0,-0.030454545454545432,0.5714285714285714,0.7857142857142857,14.0
uq_entropy_seqdrift2,UQ_detector_matrix,"predictive_entropy warning signal with SeqDrift2 warning/error-confirmation detectors (warning_delta=0.55, drift_delta=0.553).",recurring,recurring_sud_sea100k_g09.csv,50000,50000,200,3,7989 25726 37954,22,0.9562449799196787,2179,68.94992769999999,hf,hybrid_adwin_family,predictive_entropy,seqdrift2,seqdrift2,uq_entropy,error,0.553,0.55,30,0.01,0.1,1000,4,3.7872088353413655,3,17,3,0.0,3,17,3,0.0,0.0,0.0,376.0,3,109.33333333333333,3,1822.7272727272727,0.13133333333333333,733.3333333333334,17.0,-0.026176470588235284,0.2727272727272727,0.45454545454545453,22.0
