family,dataset,config,warning_t,confirmation_t,label,lead,d_dir,w_dir,install_ratio,gap_prev_gt,raw_w0,raw_w1,shadow_lead,prev_ratio,prev_wt
REG-syn,reg_recurring_20k.csv,hfr-nr/error,9927,10023,orphan,96,inc,inc,1.572206357930987,3261.0,3.8304788757436987,2.572009143905731,,0.8082875746531499,6727.0
REG-syn,reg_recurring_20k.csv,hfr-nr/error,18791,18791,echo,0,inc,inc,0.9982195949890768,2126.0,3.907804901621648,2.5422838283800546,4.0,0.7954205980205745,16743.0
REG-syn,reg_recurring_20k.csv,htr-nr/error,7911,8551,echo,640,inc,inc,0.8691433688340148,1245.0,5.8466370359840525,3.091281425120142,,0.9914933976108208,6695.0
REG-syn,reg_sudden_20k.csv,hfr-nr/error,6119,7143,echo,1024,inc,inc,0.8992920580614372,1119.0,4.165815134871173,3.0489068669110315,,0.8543724880528768,5095.0
REG-syn,reg_sudden_20k.csv,hfr-nr/error,12583,13735,echo,1152,inc,inc,0.9886530272451832,2583.0,3.7268351677037823,2.4742014426969994,,0.5794676512451037,10151.0
REG-syn,reg_sudden_20k.csv,hfr-nr/error,16103,16167,echo,64,inc,inc,0.886374180222443,1103.0,5.380362882147176,2.6345806138742387,,0.8430016456663865,15079.0
REG-Joe,sudden/high/recurring_sudden_friedman_100k_g00.csv,htr-nr/error,16807,18631,orphan,1824,inc,inc,0.9033345418179786,,2.172205043374139,1.7428899657677537,,,
REG-Joe,sudden/high/recurring_sudden_friedman_100k_g00.csv,htr-nr/error,50663,68199,orphan,17536,inc,dec,0.9873899478678692,16492.0,1.3154879578957255,1.2047767668682998,,0.973098156527916,36903.0
REG-Joe,sudden/high/recurring_sudden_friedman_100k_g00.csv,htr-nr/error,71687,73223,echo,1536,inc,dec,0.9936486996039552,1561.0,3.3988919588329147,2.581147909506854,,1.28130030700645,70631.0
REG-Joe,sudden/high/recurring_sudden_friedman_100k_g01.csv,htr-nr/error,19175,19207,orphan,32,inc,inc,0.9971024759239258,3623.0,3.8643208151762956,2.835209168905223,,1.90000918294874,15559.0
REG-Joe,sudden/low/recurring_sudden_friedman_100k_g00.csv,hfr-nr/error,46567,46695,orphan,128,inc,inc,1.0137885496915384,1209.0,2.898733068747079,2.79118682966941,,,
REG-Joe,sudden/low/recurring_sudden_friedman_100k_g00.csv,htr-nr/error,5511,9415,orphan,3904,inc,inc,1.0948563624221532,,2.19274210210671,1.7930263101710442,,,
REG-Joe,sudden/low/recurring_sudden_friedman_100k_g01.csv,htr-nr/error,16583,16583,orphan,0,inc,inc,1.0831270590551658,,2.0802955389949322,1.7588306549658455,4.0,,
REG-Joe,sudden/low/recurring_sudden_friedman_100k_g01.csv,htr-nr/error,35783,49703,orphan,13920,inc,dec,1.0513389742001162,6275.0,2.1972558297763776,1.9835982792950955,,1.1624163729030017,29735.0
REG-Joe,sudden/low/recurring_sudden_friedman_100k_g01.csv,htr-nr/error,50919,66087,orphan,15168,inc,inc,0.9945328587612206,21411.0,1.9258976510062897,1.8502491344759826,,1.0513389742001162,35783.0
REG-Joe,sudden/medium/recurring_sudden_friedman_100k_g00.csv,htr-nr/error,16615,18631,orphan,2016,inc,inc,0.9896115014389604,,2.080908221069458,1.7682668190387194,,,
REG-Joe,sudden/medium/recurring_sudden_friedman_100k_g00.csv,htr-nr/error,24135,24135,orphan,0,inc,inc,1.6034450796451225,4701.0,2.58096238462235,2.1788915831975317,4.0,1.0677473493371834,19527.0
REG-Joe,sudden/medium/recurring_sudden_friedman_100k_g00.csv,htr-nr/error,28743,28743,orphan,0,inc,inc,1.490513836011767,9309.0,3.2323835081533465,2.165957939573371,22.0,1.6034450796451225,24135.0
REG-Joe,sudden/medium/recurring_sudden_friedman_100k_g00.csv,htr-nr/error,37255,37959,orphan,704,inc,inc,1.0452494370650325,17821.0,2.5910515393155835,2.08009187952488,,1.490513836011767,28743.0
REG-Joe,sudden/medium/recurring_sudden_friedman_100k_g01.csv,htr-nr/error,46279,48327,orphan,2048,inc,inc,1.0611441804773412,4250.0,3.7340937455430465,2.536757131557496,,0.954047663348776,42183.0
