warning_t,confirmation_t,confirm_age,label,gap_prev_gt,gap_next_gt,gap_prev_det,norm_before,norm_after,norm_delta,direction,raw_before,raw_after,raw_rel_change,discord,swap_gap,swap_within,dataset,config,path
967,967,0,orphan,,25601,,0.322,0.376,0.054,rise,0.896,1.092,0.2188,,,0,incremental_abrupt_reoccurring_balanced.csv,hf10sqrt-E2k500/error,data/dataset_0921/insects_dataset/multi_classification/incremental_abrupt_reoccurring_balanced/incremental_abrupt_reoccurring_balanced.csv
3898,3898,0,orphan,,22670,2931,0.434,0.404,-0.03,fall,1.52,1.29,-0.1513,,2919,0,incremental_abrupt_reoccurring_balanced.csv,hf10sqrt-E2k500/error,data/dataset_0921/insects_dataset/multi_classification/incremental_abrupt_reoccurring_balanced/incremental_abrupt_reoccurring_balanced.csv
7885,7917,32,orphan,,18683,3987,0.506,0.368,-0.138,fall,1.606,1.132,-0.2951,,3295,0,incremental_abrupt_reoccurring_balanced.csv,hf10sqrt-E2k500/error,data/dataset_0921/insects_dataset/multi_classification/incremental_abrupt_reoccurring_balanced/incremental_abrupt_reoccurring_balanced.csv
15296,15328,32,orphan,,11272,7411,0.488,0.42,-0.068,fall,1.418,0.974,-0.3131,,7094,0,incremental_abrupt_reoccurring_balanced.csv,hf10sqrt-E2k500/error,data/dataset_0921/insects_dataset/multi_classification/incremental_abrupt_reoccurring_balanced/incremental_abrupt_reoccurring_balanced.csv
17843,18643,800,orphan,,8725,2547,0.342,0.422,0.08,rise,0.814,1.122,0.3784,,2434,0,incremental_abrupt_reoccurring_balanced.csv,hf10sqrt-E2k500/error,data/dataset_0921/insects_dataset/multi_classification/incremental_abrupt_reoccurring_balanced/incremental_abrupt_reoccurring_balanced.csv
20966,20966,0,orphan,,5602,3123,0.484,0.072,-0.412,fall,1.198,0.076,-0.9366,,2293,0,incremental_abrupt_reoccurring_balanced.csv,hf10sqrt-E2k500/error,data/dataset_0921/insects_dataset/multi_classification/incremental_abrupt_reoccurring_balanced/incremental_abrupt_reoccurring_balanced.csv
23193,23193,0,orphan,,3375,2227,0.03,0.002,-0.028,fall,0.03,0.002,-0.9333,,2225,0,incremental_abrupt_reoccurring_balanced.csv,hf10sqrt-E2k500/error,data/dataset_0921/insects_dataset/multi_classification/incremental_abrupt_reoccurring_balanced/incremental_abrupt_reoccurring_balanced.csv
26604,26604,0,hit,36,26760,3411,0.068,0.246,0.178,rise,0.18,0.534,1.9667,,3371,0,incremental_abrupt_reoccurring_balanced.csv,hf10sqrt-E2k500/error,data/dataset_0921/insects_dataset/multi_classification/incremental_abrupt_reoccurring_balanced/incremental_abrupt_reoccurring_balanced.csv
27519,27519,0,echo_inwin,951,25845,915,0.296,0.248,-0.048,fall,0.706,0.778,0.102,fake_fall,696,0,incremental_abrupt_reoccurring_balanced.csv,hf10sqrt-E2k500/error,data/dataset_0921/insects_dataset/multi_classification/incremental_abrupt_reoccurring_balanced/incremental_abrupt_reoccurring_balanced.csv
30386,30418,32,orphan,3818,22978,2867,0.38,0.322,-0.058,fall,1.27,1.008,-0.2063,,3563,0,incremental_abrupt_reoccurring_balanced.csv,hf10sqrt-E2k500/error,data/dataset_0921/insects_dataset/multi_classification/incremental_abrupt_reoccurring_balanced/incremental_abrupt_reoccurring_balanced.csv
34437,34437,0,orphan,7869,18927,4051,0.428,0.342,-0.086,fall,1.444,1.028,-0.2881,,4011,0,incremental_abrupt_reoccurring_balanced.csv,hf10sqrt-E2k500/error,data/dataset_0921/insects_dataset/multi_classification/incremental_abrupt_reoccurring_balanced/incremental_abrupt_reoccurring_balanced.csv
41880,41880,0,orphan,15312,11484,7443,0.474,0.368,-0.106,fall,1.362,0.656,-0.5184,,4560,0,incremental_abrupt_reoccurring_balanced.csv,hf10sqrt-E2k500/error,data/dataset_0921/insects_dataset/multi_classification/incremental_abrupt_reoccurring_balanced/incremental_abrupt_reoccurring_balanced.csv
45163,45291,128,orphan,18595,8201,3283,0.428,0.394,-0.034,fall,0.924,1.034,0.119,fake_fall,3279,0,incremental_abrupt_reoccurring_balanced.csv,hf10sqrt-E2k500/error,data/dataset_0921/insects_dataset/multi_classification/incremental_abrupt_reoccurring_balanced/incremental_abrupt_reoccurring_balanced.csv
47774,47774,0,orphan,21206,5590,2611,0.536,0.08,-0.456,fall,1.144,0.082,-0.9283,,5890,0,incremental_abrupt_reoccurring_balanced.csv,hf10sqrt-E2k500/error,data/dataset_0921/insects_dataset/multi_classification/incremental_abrupt_reoccurring_balanced/incremental_abrupt_reoccurring_balanced.csv
50065,50065,0,orphan,23497,3299,2291,0.022,0.002,-0.02,flat,0.022,0.004,-0.8182,masked_fall,2288,0,incremental_abrupt_reoccurring_balanced.csv,hf10sqrt-E2k500/error,data/dataset_0921/insects_dataset/multi_classification/incremental_abrupt_reoccurring_balanced/incremental_abrupt_reoccurring_balanced.csv
53380,53380,0,hit,16,,3315,0.024,0.262,0.238,rise,0.062,0.604,8.7419,,3312,0,incremental_abrupt_reoccurring_balanced.csv,hf10sqrt-E2k500/error,data/dataset_0921/insects_dataset/multi_classification/incremental_abrupt_reoccurring_balanced/incremental_abrupt_reoccurring_balanced.csv
53828,53828,0,echo_inwin,464,,448,0.266,0.248,-0.018,flat,0.632,0.658,0.0411,,232,1,incremental_abrupt_reoccurring_balanced.csv,hf10sqrt-E2k500/error,data/dataset_0921/insects_dataset/multi_classification/incremental_abrupt_reoccurring_balanced/incremental_abrupt_reoccurring_balanced.csv
54308,54308,0,echo_inwin,944,,480,0.238,0.302,0.064,rise,0.61,0.918,0.5049,,712,0,incremental_abrupt_reoccurring_balanced.csv,hf10sqrt-E2k500/error,data/dataset_0921/insects_dataset/multi_classification/incremental_abrupt_reoccurring_balanced/incremental_abrupt_reoccurring_balanced.csv
57207,57207,0,orphan,3843,,2899,0.432,0.304,-0.128,fall,1.454,0.92,-0.3673,,29,1,incremental_abrupt_reoccurring_balanced.csv,hf10sqrt-E2k500/error,data/dataset_0921/insects_dataset/multi_classification/incremental_abrupt_reoccurring_balanced/incremental_abrupt_reoccurring_balanced.csv
61290,61290,0,orphan,7926,,4083,0.468,0.318,-0.15,fall,1.592,0.894,-0.4384,,4112,0,incremental_abrupt_reoccurring_balanced.csv,hf10sqrt-E2k500/error,data/dataset_0921/insects_dataset/multi_classification/incremental_abrupt_reoccurring_balanced/incremental_abrupt_reoccurring_balanced.csv
68669,68701,32,orphan,15305,,7379,0.506,0.484,-0.022,fall,1.51,0.818,-0.4583,,7364,0,incremental_abrupt_reoccurring_balanced.csv,hf10sqrt-E2k500/error,data/dataset_0921/insects_dataset/multi_classification/incremental_abrupt_reoccurring_balanced/incremental_abrupt_reoccurring_balanced.csv
72016,72080,64,orphan,18652,,3347,0.418,0.498,0.08,rise,0.976,1.324,0.3566,,2886,0,incremental_abrupt_reoccurring_balanced.csv,hf10sqrt-E2k500/error,data/dataset_0921/insects_dataset/multi_classification/incremental_abrupt_reoccurring_balanced/incremental_abrupt_reoccurring_balanced.csv
74563,74563,0,orphan,21199,,2547,0.47,0.078,-0.392,fall,1.04,0.084,-0.9192,,2324,0,incremental_abrupt_reoccurring_balanced.csv,hf10sqrt-E2k500/error,data/dataset_0921/insects_dataset/multi_classification/incremental_abrupt_reoccurring_balanced/incremental_abrupt_reoccurring_balanced.csv
76726,76790,64,orphan,23362,,2163,0.052,0.002,-0.05,fall,0.052,0.006,-0.8846,,2157,0,incremental_abrupt_reoccurring_balanced.csv,hf10sqrt-E2k500/error,data/dataset_0921/insects_dataset/multi_classification/incremental_abrupt_reoccurring_balanced/incremental_abrupt_reoccurring_balanced.csv
