config_id,family,dataset_group,file,warning_t,confirmation_t,timestamp,warning_to_confirm_age,source,drift_type,ecpf_protocol,detector_type,warning_detector,drift_detector,warning_signal,drift_signal,uq_mode,uq_raw,uq_smoothed,buffer_len,pool_size,best_idx,acc_current_on_warning,acc_best_on_warning,acc_new_on_warning
uq_entropy_seqdrift2,UQ_detector_matrix,recurring,recurring_sud_sea100k_g00.csv,899,2999,899,2100,ecpf_detector_dual_seqdrift2,sudden,detector_warning_drift,dual_seqdrift2,seqdrift2,seqdrift2,uq_entropy,error,,,,2101,2,0,0.9328891004283675,0.9328891004283675,0.9600190385530699
uq_entropy_seqdrift2,UQ_detector_matrix,recurring,recurring_sud_sea100k_g00.csv,3699,14399,3699,10700,ecpf_detector_dual_seqdrift2,sudden,detector_warning_drift,dual_seqdrift2,seqdrift2,seqdrift2,uq_entropy,error,,,,10701,3,1,0.9586019998131016,0.9586019998131016,0.9782263339874778
uq_entropy_seqdrift2,UQ_detector_matrix,recurring,recurring_sud_sea100k_g00.csv,14699,18599,14699,3900,ecpf_detector_dual_seqdrift2,sudden,detector_warning_drift,dual_seqdrift2,seqdrift2,seqdrift2,uq_entropy,error,,,,3901,3,1,0.9282235324275827,0.9489874391181748,0.9574468085106383
uq_entropy_seqdrift2,UQ_detector_matrix,recurring,recurring_sud_sea100k_g00.csv,18999,20599,18999,1600,ecpf_detector_dual_seqdrift2,sudden,detector_warning_drift,dual_seqdrift2,seqdrift2,seqdrift2,uq_entropy,error,,,,1601,4,3,0.9519050593379138,0.9519050593379138,0.9544034978138664
uq_entropy_seqdrift2,UQ_detector_matrix,recurring,recurring_sud_sea100k_g00.csv,20799,28999,20799,8200,ecpf_detector_dual_seqdrift2,sudden,detector_warning_drift,dual_seqdrift2,seqdrift2,seqdrift2,uq_entropy,error,,,,8201,4,1,0.9286672357029631,0.955493232532618,0.931959517132057
uq_entropy_seqdrift2,UQ_detector_matrix,recurring,recurring_sud_sea100k_g00.csv,29799,30999,29799,1200,ecpf_detector_dual_seqdrift2,sudden,detector_warning_drift,dual_seqdrift2,seqdrift2,seqdrift2,uq_entropy,error,,,,1201,4,5,0.95503746877602,0.95503746877602,0.922564529558701
uq_entropy_seqdrift2,UQ_detector_matrix,recurring,recurring_sud_sea100k_g00.csv,31399,33199,31399,1800,ecpf_detector_dual_seqdrift2,sudden,detector_warning_drift,dual_seqdrift2,seqdrift2,seqdrift2,uq_entropy,error,,,,1801,4,5,0.923375902276513,0.9516935036091061,0.9283731260410882
uq_entropy_seqdrift2,UQ_detector_matrix,recurring,recurring_sud_sea100k_g00.csv,33399,39599,33399,6200,ecpf_detector_dual_seqdrift2,sudden,detector_warning_drift,dual_seqdrift2,seqdrift2,seqdrift2,uq_entropy,error,,,,6201,4,7,0.9538784067085954,0.9538784067085954,0.9400096758587324
uq_entropy_seqdrift2,UQ_detector_matrix,recurring,recurring_sud_sea100k_g00.csv,39799,41199,39799,1400,ecpf_detector_dual_seqdrift2,sudden,detector_warning_drift,dual_seqdrift2,seqdrift2,seqdrift2,uq_entropy,error,,,,1401,4,1,0.9243397573162027,0.9543183440399714,0.9428979300499644
uq_entropy_seqdrift2,UQ_detector_matrix,recurring,recurring_sud_sea100k_g00.csv,41399,49999,41399,8600,ecpf_detector_dual_seqdrift2,sudden,detector_warning_drift,dual_seqdrift2,seqdrift2,seqdrift2,uq_entropy,error,,,,8601,4,1,0.9259388443204278,0.9580281362632252,0.9622136960818509
uq_entropy_seqdrift2,UQ_detector_matrix,recurring,recurring_sud_sea100k_g01.csv,399,4999,399,4600,ecpf_detector_dual_seqdrift2,sudden,detector_warning_drift,dual_seqdrift2,seqdrift2,seqdrift2,uq_entropy,error,,,,4601,2,0,0.8963268854596826,0.8963268854596826,0.9710932405998696
uq_entropy_seqdrift2,UQ_detector_matrix,recurring,recurring_sud_sea100k_g01.csv,5299,5799,5299,500,ecpf_detector_dual_seqdrift2,sudden,detector_warning_drift,dual_seqdrift2,seqdrift2,seqdrift2,uq_entropy,error,,,,501,3,1,0.9021956087824351,0.9021956087824351,0.9600798403193613
uq_entropy_seqdrift2,UQ_detector_matrix,recurring,recurring_sud_sea100k_g01.csv,5999,15199,5999,9200,ecpf_detector_dual_seqdrift2,sudden,detector_warning_drift,dual_seqdrift2,seqdrift2,seqdrift2,uq_entropy,error,,,,9201,4,1,0.9171829149005543,0.9250081512879035,0.956091729159874
uq_entropy_seqdrift2,UQ_detector_matrix,recurring,recurring_sud_sea100k_g01.csv,15399,20599,15399,5200,ecpf_detector_dual_seqdrift2,sudden,detector_warning_drift,dual_seqdrift2,seqdrift2,seqdrift2,uq_entropy,error,,,,5201,4,3,0.976927513939627,0.976927513939627,0.9784656796769852
uq_entropy_seqdrift2,UQ_detector_matrix,recurring,recurring_sud_sea100k_g01.csv,21199,28999,21199,7800,ecpf_detector_dual_seqdrift2,sudden,detector_warning_drift,dual_seqdrift2,seqdrift2,seqdrift2,uq_entropy,error,,,,7801,4,4,0.9801307524676324,0.9801307524676324,0.9493654659659018
uq_entropy_seqdrift2,UQ_detector_matrix,recurring,recurring_sud_sea100k_g01.csv,29599,31999,29599,2400,ecpf_detector_dual_seqdrift2,sudden,detector_warning_drift,dual_seqdrift2,seqdrift2,seqdrift2,uq_entropy,error,,,,2401,4,2,0.8271553519366931,0.9142024156601416,0.9533527696793003
uq_entropy_seqdrift2,UQ_detector_matrix,recurring,recurring_sud_sea100k_g01.csv,32499,45599,32499,13100,ecpf_detector_dual_seqdrift2,sudden,detector_warning_drift,dual_seqdrift2,seqdrift2,seqdrift2,uq_entropy,error,,,,13101,5,6,0.9636668956568201,0.9636668956568201,0.9816807877261278
uq_entropy_seqdrift2,UQ_detector_matrix,recurring,recurring_sud_sea100k_g01.csv,45899,46599,45899,700,ecpf_detector_dual_seqdrift2,sudden,detector_warning_drift,dual_seqdrift2,seqdrift2,seqdrift2,uq_entropy,error,,,,701,5,4,0.8901569186875892,0.9828815977175464,0.9529243937232525
uq_entropy_seqdrift2,UQ_detector_matrix,recurring,recurring_sud_sea100k_g02.csv,399,2199,399,1800,ecpf_detector_dual_seqdrift2,sudden,detector_warning_drift,dual_seqdrift2,seqdrift2,seqdrift2,uq_entropy,error,,,,1801,2,0,0.9389228206551916,0.9389228206551916,0.9355913381454747
uq_entropy_seqdrift2,UQ_detector_matrix,recurring,recurring_sud_sea100k_g02.csv,2499,10999,2499,8500,ecpf_detector_dual_seqdrift2,sudden,detector_warning_drift,dual_seqdrift2,seqdrift2,seqdrift2,uq_entropy,error,,,,8501,2,1,0.9298906011057523,0.9298906011057523,0.9662392659687096
uq_entropy_seqdrift2,UQ_detector_matrix,recurring,recurring_sud_sea100k_g02.csv,11299,11399,11299,100,ecpf_detector_dual_seqdrift2,sudden,detector_warning_drift,dual_seqdrift2,seqdrift2,seqdrift2,uq_entropy,error,,,,101,2,1,0.8712871287128713,0.8712871287128713,0.9504950495049505
uq_entropy_seqdrift2,UQ_detector_matrix,recurring,recurring_sud_sea100k_g02.csv,12099,18399,12099,6300,ecpf_detector_dual_seqdrift2,sudden,detector_warning_drift,dual_seqdrift2,seqdrift2,seqdrift2,uq_entropy,error,,,,6301,3,3,0.9038247897159181,0.9038247897159181,0.9723853356610062
uq_entropy_seqdrift2,UQ_detector_matrix,recurring,recurring_sud_sea100k_g02.csv,19399,19399,19399,0,ecpf_detector_dual_seqdrift2,sudden,detector_warning_drift,dual_seqdrift2,seqdrift2,seqdrift2,uq_entropy,error,,,,1,2,4,1.0,1.0,1.0
uq_entropy_seqdrift2,UQ_detector_matrix,recurring,recurring_sud_sea100k_g02.csv,19999,20199,19999,200,ecpf_detector_dual_seqdrift2,sudden,detector_warning_drift,dual_seqdrift2,seqdrift2,seqdrift2,uq_entropy,error,,,,201,2,5,0.945273631840796,0.945273631840796,0.9353233830845771
uq_entropy_seqdrift2,UQ_detector_matrix,recurring,recurring_sud_sea100k_g02.csv,20499,23599,20499,3100,ecpf_detector_dual_seqdrift2,sudden,detector_warning_drift,dual_seqdrift2,seqdrift2,seqdrift2,uq_entropy,error,,,,3101,2,6,0.9671073847146082,0.9671073847146082,0.928087713640761
uq_entropy_seqdrift2,UQ_detector_matrix,recurring,recurring_sud_sea100k_g02.csv,24199,33399,24199,9200,ecpf_detector_dual_seqdrift2,sudden,detector_warning_drift,dual_seqdrift2,seqdrift2,seqdrift2,uq_entropy,error,,,,9201,2,6,0.9372894250624932,0.9372894250624932,0.9611998695793935
uq_entropy_seqdrift2,UQ_detector_matrix,recurring,recurring_sud_sea100k_g03.csv,499,3599,499,3100,ecpf_detector_dual_seqdrift2,sudden,detector_warning_drift,dual_seqdrift2,seqdrift2,seqdrift2,uq_entropy,error,,,,3101,2,0,0.945501451144792,0.945501451144792,0.9725894872621735
uq_entropy_seqdrift2,UQ_detector_matrix,recurring,recurring_sud_sea100k_g03.csv,4099,8599,4099,4500,ecpf_detector_dual_seqdrift2,sudden,detector_warning_drift,dual_seqdrift2,seqdrift2,seqdrift2,uq_entropy,error,,,,4501,3,1,0.957342812708287,0.957342812708287,0.9728949122417241
uq_entropy_seqdrift2,UQ_detector_matrix,recurring,recurring_sud_sea100k_g03.csv,8799,9599,8799,800,ecpf_detector_dual_seqdrift2,sudden,detector_warning_drift,dual_seqdrift2,seqdrift2,seqdrift2,uq_entropy,error,,,,801,3,1,0.8714107365792759,0.8751560549313359,0.9051186017478152
uq_entropy_seqdrift2,UQ_detector_matrix,recurring,recurring_sud_sea100k_g03.csv,9899,10999,9899,1100,ecpf_detector_dual_seqdrift2,sudden,detector_warning_drift,dual_seqdrift2,seqdrift2,seqdrift2,uq_entropy,error,,,,1101,4,3,0.9527702089009991,0.9527702089009991,0.9582198001816531
uq_entropy_seqdrift2,UQ_detector_matrix,recurring,recurring_sud_sea100k_g03.csv,11599,11799,11599,200,ecpf_detector_dual_seqdrift2,sudden,detector_warning_drift,dual_seqdrift2,seqdrift2,seqdrift2,uq_entropy,error,,,,201,5,3,0.9253731343283582,0.9502487562189055,0.9353233830845771
uq_entropy_seqdrift2,UQ_detector_matrix,recurring,recurring_sud_sea100k_g03.csv,12099,19399,12099,7300,ecpf_detector_dual_seqdrift2,sudden,detector_warning_drift,dual_seqdrift2,seqdrift2,seqdrift2,uq_entropy,error,,,,7301,4,5,0.9664429530201343,0.9664429530201343,0.9791809341186138
uq_entropy_seqdrift2,UQ_detector_matrix,recurring,recurring_sud_sea100k_g03.csv,19699,29199,19699,9500,ecpf_detector_dual_seqdrift2,sudden,detector_warning_drift,dual_seqdrift2,seqdrift2,seqdrift2,uq_entropy,error,,,,9501,4,1,0.960740974634249,0.960740974634249,0.9694768971687191
uq_entropy_seqdrift2,UQ_detector_matrix,recurring,recurring_sud_sea100k_g03.csv,29499,31399,29499,1900,ecpf_detector_dual_seqdrift2,sudden,detector_warning_drift,dual_seqdrift2,seqdrift2,seqdrift2,uq_entropy,error,,,,1901,4,1,0.9531825355076275,0.9531825355076275,0.9584429247764334
uq_entropy_seqdrift2,UQ_detector_matrix,recurring,recurring_sud_sea100k_g03.csv,31699,33199,31699,1500,ecpf_detector_dual_seqdrift2,sudden,detector_warning_drift,dual_seqdrift2,seqdrift2,seqdrift2,uq_entropy,error,,,,1501,4,5,0.8880746169220519,0.9693537641572285,0.9673550966022652
uq_entropy_seqdrift2,UQ_detector_matrix,recurring,recurring_sud_sea100k_g03.csv,33499,34599,33499,1100,ecpf_detector_dual_seqdrift2,sudden,detector_warning_drift,dual_seqdrift2,seqdrift2,seqdrift2,uq_entropy,error,,,,1101,4,5,0.8710263396911898,0.9627611262488647,0.9573115349682108
uq_entropy_seqdrift2,UQ_detector_matrix,recurring,recurring_sud_sea100k_g03.csv,34899,38999,34899,4100,ecpf_detector_dual_seqdrift2,sudden,detector_warning_drift,dual_seqdrift2,seqdrift2,seqdrift2,uq_entropy,error,,,,4101,5,5,0.9544013655206047,0.9643989270909534,0.9685442574981712
uq_entropy_seqdrift2,UQ_detector_matrix,recurring,recurring_sud_sea100k_g03.csv,39699,39799,39699,100,ecpf_detector_dual_seqdrift2,sudden,detector_warning_drift,dual_seqdrift2,seqdrift2,seqdrift2,uq_entropy,error,,,,101,4,1,0.9207920792079208,0.9801980198019802,0.8910891089108911
uq_entropy_seqdrift2,UQ_detector_matrix,recurring,recurring_sud_sea100k_g03.csv,39999,45199,39999,5200,ecpf_detector_dual_seqdrift2,sudden,detector_warning_drift,dual_seqdrift2,seqdrift2,seqdrift2,uq_entropy,error,,,,5201,4,12,0.9636608344549125,0.9636608344549125,0.9690444145356663
uq_entropy_seqdrift2,UQ_detector_matrix,recurring,recurring_sud_sea100k_g04.csv,599,1199,599,600,ecpf_detector_dual_seqdrift2,sudden,detector_warning_drift,dual_seqdrift2,seqdrift2,seqdrift2,uq_entropy,error,,,,601,2,0,0.8768718801996672,0.8768718801996672,0.9667221297836939
uq_entropy_seqdrift2,UQ_detector_matrix,recurring,recurring_sud_sea100k_g04.csv,1399,3799,1399,2400,ecpf_detector_dual_seqdrift2,sudden,detector_warning_drift,dual_seqdrift2,seqdrift2,seqdrift2,uq_entropy,error,,,,2401,3,1,0.9512703040399834,0.9512703040399834,0.9704289879216993
uq_entropy_seqdrift2,UQ_detector_matrix,recurring,recurring_sud_sea100k_g04.csv,4099,7599,4099,3500,ecpf_detector_dual_seqdrift2,sudden,detector_warning_drift,dual_seqdrift2,seqdrift2,seqdrift2,uq_entropy,error,,,,3501,4,2,0.9597257926306769,0.9597257926306769,0.9782919165952585
uq_entropy_seqdrift2,UQ_detector_matrix,recurring,recurring_sud_sea100k_g04.csv,7999,15999,7999,8000,ecpf_detector_dual_seqdrift2,sudden,detector_warning_drift,dual_seqdrift2,seqdrift2,seqdrift2,uq_entropy,error,,,,8001,4,2,0.8843894513185852,0.9588801399825022,0.9785026871641045
uq_entropy_seqdrift2,UQ_detector_matrix,recurring,recurring_sud_sea100k_g04.csv,16399,18799,16399,2400,ecpf_detector_dual_seqdrift2,sudden,detector_warning_drift,dual_seqdrift2,seqdrift2,seqdrift2,uq_entropy,error,,,,2401,3,2,0.8900458142440649,0.9454394002498959,0.9221157850895461
uq_entropy_seqdrift2,UQ_detector_matrix,recurring,recurring_sud_sea100k_g04.csv,20599,20599,20599,0,ecpf_detector_dual_seqdrift2,sudden,detector_warning_drift,dual_seqdrift2,seqdrift2,seqdrift2,uq_entropy,error,,,,1,2,2,1.0,1.0,1.0
uq_entropy_seqdrift2,UQ_detector_matrix,recurring,recurring_sud_sea100k_g04.csv,21099,24399,21099,3300,ecpf_detector_dual_seqdrift2,sudden,detector_warning_drift,dual_seqdrift2,seqdrift2,seqdrift2,uq_entropy,error,,,,3301,3,6,0.9172977885489245,0.9172977885489245,0.9351711602544683
uq_entropy_seqdrift2,UQ_detector_matrix,recurring,recurring_sud_sea100k_g04.csv,24699,27799,24699,3100,ecpf_detector_dual_seqdrift2,sudden,detector_warning_drift,dual_seqdrift2,seqdrift2,seqdrift2,uq_entropy,error,,,,3101,4,2,0.9238955175749758,0.9584005159625927,0.9719445340212834
uq_entropy_seqdrift2,UQ_detector_matrix,recurring,recurring_sud_sea100k_g04.csv,28299,34599,28299,6300,ecpf_detector_dual_seqdrift2,sudden,detector_warning_drift,dual_seqdrift2,seqdrift2,seqdrift2,uq_entropy,error,,,,6301,4,2,0.9523885097603555,0.9523885097603555,0.9741310903031265
uq_entropy_seqdrift2,UQ_detector_matrix,recurring,recurring_sud_sea100k_g04.csv,35599,39999,35599,4400,ecpf_detector_dual_seqdrift2,sudden,detector_warning_drift,dual_seqdrift2,seqdrift2,seqdrift2,uq_entropy,error,,,,4401,4,9,0.9225176096341741,0.9225176096341741,0.9059304703476483
uq_entropy_seqdrift2,UQ_detector_matrix,recurring,recurring_sud_sea100k_g04.csv,40499,46399,40499,5900,ecpf_detector_dual_seqdrift2,sudden,detector_warning_drift,dual_seqdrift2,seqdrift2,seqdrift2,uq_entropy,error,,,,5901,4,2,0.9581426876800543,0.9581426876800543,0.9820369428910354
uq_entropy_seqdrift2,UQ_detector_matrix,recurring,recurring_sud_sea100k_g04.csv,47099,49799,47099,2700,ecpf_detector_dual_seqdrift2,sudden,detector_warning_drift,dual_seqdrift2,seqdrift2,seqdrift2,uq_entropy,error,,,,2701,5,11,0.9603850425768234,0.9603850425768234,0.9718622732321363
uq_entropy_seqdrift2,UQ_detector_matrix,recurring,recurring_sud_sea100k_g05.csv,899,6399,899,5500,ecpf_detector_dual_seqdrift2,sudden,detector_warning_drift,dual_seqdrift2,seqdrift2,seqdrift2,uq_entropy,error,,,,5501,2,0,0.9592801308852936,0.9592801308852936,0.9814579167424105
uq_entropy_seqdrift2,UQ_detector_matrix,recurring,recurring_sud_sea100k_g05.csv,7799,8799,7799,1000,ecpf_detector_dual_seqdrift2,sudden,detector_warning_drift,dual_seqdrift2,seqdrift2,seqdrift2,uq_entropy,error,,,,1001,3,1,0.973026973026973,0.973026973026973,0.955044955044955
uq_entropy_seqdrift2,UQ_detector_matrix,recurring,recurring_sud_sea100k_g05.csv,9199,9799,9199,600,ecpf_detector_dual_seqdrift2,sudden,detector_warning_drift,dual_seqdrift2,seqdrift2,seqdrift2,uq_entropy,error,,,,601,2,2,0.9767054908485857,0.9767054908485857,0.9251247920133111
uq_entropy_seqdrift2,UQ_detector_matrix,recurring,recurring_sud_sea100k_g05.csv,10399,14999,10399,4600,ecpf_detector_dual_seqdrift2,sudden,detector_warning_drift,dual_seqdrift2,seqdrift2,seqdrift2,uq_entropy,error,,,,4601,3,3,0.9597913497065855,0.9597913497065855,0.9226255161921322
uq_entropy_seqdrift2,UQ_detector_matrix,recurring,recurring_sud_sea100k_g05.csv,15199,21399,15199,6200,ecpf_detector_dual_seqdrift2,sudden,detector_warning_drift,dual_seqdrift2,seqdrift2,seqdrift2,uq_entropy,error,,,,6201,4,2,0.8322851153039832,0.9812933397839059,0.9829059829059829
uq_entropy_seqdrift2,UQ_detector_matrix,recurring,recurring_sud_sea100k_g05.csv,23199,25999,23199,2800,ecpf_detector_dual_seqdrift2,sudden,detector_warning_drift,dual_seqdrift2,seqdrift2,seqdrift2,uq_entropy,error,,,,2801,4,5,0.9628704034273474,0.9628704034273474,0.9218136379864335
uq_entropy_seqdrift2,UQ_detector_matrix,recurring,recurring_sud_sea100k_g05.csv,39299,39399,39299,100,ecpf_detector_dual_seqdrift2,sudden,detector_warning_drift,dual_seqdrift2,seqdrift2,seqdrift2,uq_entropy,error,,,,101,4,5,0.7128712871287128,0.9801980198019802,0.8613861386138614
uq_entropy_seqdrift2,UQ_detector_matrix,recurring,recurring_sud_sea100k_g06.csv,3099,11599,3099,8500,ecpf_detector_dual_seqdrift2,sudden,detector_warning_drift,dual_seqdrift2,seqdrift2,seqdrift2,uq_entropy,error,,,,8501,2,0,0.9731796259263616,0.9731796259263616,0.9837666156922715
uq_entropy_seqdrift2,UQ_detector_matrix,recurring,recurring_sud_sea100k_g06.csv,12199,13199,12199,1000,ecpf_detector_dual_seqdrift2,sudden,detector_warning_drift,dual_seqdrift2,seqdrift2,seqdrift2,uq_entropy,error,,,,1001,2,1,0.939060939060939,0.939060939060939,0.9040959040959041
uq_entropy_seqdrift2,UQ_detector_matrix,recurring,recurring_sud_sea100k_g06.csv,13399,15599,13399,2200,ecpf_detector_dual_seqdrift2,sudden,detector_warning_drift,dual_seqdrift2,seqdrift2,seqdrift2,uq_entropy,error,,,,2201,3,2,0.9082235347569286,0.9082235347569286,0.9295774647887324
uq_entropy_seqdrift2,UQ_detector_matrix,recurring,recurring_sud_sea100k_g06.csv,15899,22199,15899,6300,ecpf_detector_dual_seqdrift2,sudden,detector_warning_drift,dual_seqdrift2,seqdrift2,seqdrift2,uq_entropy,error,,,,6301,4,3,0.9531820345976829,0.9531820345976829,0.9454054911918743
uq_entropy_seqdrift2,UQ_detector_matrix,recurring,recurring_sud_sea100k_g06.csv,22499,26199,22499,3700,ecpf_detector_dual_seqdrift2,sudden,detector_warning_drift,dual_seqdrift2,seqdrift2,seqdrift2,uq_entropy,error,,,,3701,4,1,0.9119156984598757,0.9743312618211294,0.9802756011888679
uq_entropy_seqdrift2,UQ_detector_matrix,recurring,recurring_sud_sea100k_g06.csv,26399,28399,26399,2000,ecpf_detector_dual_seqdrift2,sudden,detector_warning_drift,dual_seqdrift2,seqdrift2,seqdrift2,uq_entropy,error,,,,2001,4,5,0.9725137431284357,0.9725137431284357,0.960519740129935
uq_entropy_seqdrift2,UQ_detector_matrix,recurring,recurring_sud_sea100k_g06.csv,31799,41599,31799,9800,ecpf_detector_dual_seqdrift2,sudden,detector_warning_drift,dual_seqdrift2,seqdrift2,seqdrift2,uq_entropy,error,,,,9801,5,6,0.959800020406081,0.959800020406081,0.9749005203550658
uq_entropy_seqdrift2,UQ_detector_matrix,recurring,recurring_sud_sea100k_g06.csv,41899,43399,41899,1500,ecpf_detector_dual_seqdrift2,sudden,detector_warning_drift,dual_seqdrift2,seqdrift2,seqdrift2,uq_entropy,error,,,,1501,5,5,0.8754163890739507,0.9860093271152565,0.9626915389740173
uq_entropy_seqdrift2,UQ_detector_matrix,recurring,recurring_sud_sea100k_g06.csv,43599,47999,43599,4400,ecpf_detector_dual_seqdrift2,sudden,detector_warning_drift,dual_seqdrift2,seqdrift2,seqdrift2,uq_entropy,error,,,,4401,5,8,0.9822767552828903,0.9822767552828903,0.9870483980913429
uq_entropy_seqdrift2,UQ_detector_matrix,recurring,recurring_sud_sea100k_g07.csv,599,6399,599,5800,ecpf_detector_dual_seqdrift2,sudden,detector_warning_drift,dual_seqdrift2,seqdrift2,seqdrift2,uq_entropy,error,,,,5801,2,0,0.9589725909325978,0.9589725909325978,0.9319082916738494
uq_entropy_seqdrift2,UQ_detector_matrix,recurring,recurring_sud_sea100k_g07.csv,6699,8399,6699,1700,ecpf_detector_dual_seqdrift2,sudden,detector_warning_drift,dual_seqdrift2,seqdrift2,seqdrift2,uq_entropy,error,,,,1701,2,1,0.9482657260435038,0.9482657260435038,0.921222810111699
uq_entropy_seqdrift2,UQ_detector_matrix,recurring,recurring_sud_sea100k_g07.csv,9499,11799,9499,2300,ecpf_detector_dual_seqdrift2,sudden,detector_warning_drift,dual_seqdrift2,seqdrift2,seqdrift2,uq_entropy,error,,,,2301,2,2,0.9539330725771403,0.9539330725771403,0.8996088657105606
uq_entropy_seqdrift2,UQ_detector_matrix,recurring,recurring_sud_sea100k_g07.csv,12099,14999,12099,2900,ecpf_detector_dual_seqdrift2,sudden,detector_warning_drift,dual_seqdrift2,seqdrift2,seqdrift2,uq_entropy,error,,,,2901,2,2,0.9520854877628404,0.9520854877628404,0.9613926232333678
uq_entropy_seqdrift2,UQ_detector_matrix,recurring,recurring_sud_sea100k_g07.csv,15499,22399,15499,6900,ecpf_detector_dual_seqdrift2,sudden,detector_warning_drift,dual_seqdrift2,seqdrift2,seqdrift2,uq_entropy,error,,,,6901,3,4,0.9221851905520939,0.9221851905520939,0.974786262860455
uq_entropy_seqdrift2,UQ_detector_matrix,recurring,recurring_sud_sea100k_g07.csv,22899,25799,22899,2900,ecpf_detector_dual_seqdrift2,sudden,detector_warning_drift,dual_seqdrift2,seqdrift2,seqdrift2,uq_entropy,error,,,,2901,4,5,0.9624267493967598,0.9624267493967598,0.9510513615994485
uq_entropy_seqdrift2,UQ_detector_matrix,recurring,recurring_sud_sea100k_g07.csv,26399,44999,26399,18600,ecpf_detector_dual_seqdrift2,sudden,detector_warning_drift,dual_seqdrift2,seqdrift2,seqdrift2,uq_entropy,error,,,,18601,4,6,0.9559701091339176,0.9559701091339176,0.9438739852696092
uq_entropy_seqdrift2,UQ_detector_matrix,recurring,recurring_sud_sea100k_g07.csv,45399,47999,45399,2600,ecpf_detector_dual_seqdrift2,sudden,detector_warning_drift,dual_seqdrift2,seqdrift2,seqdrift2,uq_entropy,error,,,,2601,4,5,0.8846597462514417,0.9677047289504037,0.974240676662822
uq_entropy_seqdrift2,UQ_detector_matrix,recurring,recurring_sud_sea100k_g08.csv,499,5799,499,5300,ecpf_detector_dual_seqdrift2,sudden,detector_warning_drift,dual_seqdrift2,seqdrift2,seqdrift2,uq_entropy,error,,,,5301,2,0,0.899641577060932,0.899641577060932,0.9815129220901717
uq_entropy_seqdrift2,UQ_detector_matrix,recurring,recurring_sud_sea100k_g08.csv,6199,12799,6199,6600,ecpf_detector_dual_seqdrift2,sudden,detector_warning_drift,dual_seqdrift2,seqdrift2,seqdrift2,uq_entropy,error,,,,6601,3,1,0.9810634752310256,0.9810634752310256,0.9692470837751855
uq_entropy_seqdrift2,UQ_detector_matrix,recurring,recurring_sud_sea100k_g08.csv,13099,18599,13099,5500,ecpf_detector_dual_seqdrift2,sudden,detector_warning_drift,dual_seqdrift2,seqdrift2,seqdrift2,uq_entropy,error,,,,5501,3,1,0.8807489547355026,0.9560079985457189,0.9747318669332848
uq_entropy_seqdrift2,UQ_detector_matrix,recurring,recurring_sud_sea100k_g08.csv,18799,19399,18799,600,ecpf_detector_dual_seqdrift2,sudden,detector_warning_drift,dual_seqdrift2,seqdrift2,seqdrift2,uq_entropy,error,,,,601,3,1,0.8469217970049917,0.940099833610649,0.8618968386023295
uq_entropy_seqdrift2,UQ_detector_matrix,recurring,recurring_sud_sea100k_g08.csv,19599,26799,19599,7200,ecpf_detector_dual_seqdrift2,sudden,detector_warning_drift,dual_seqdrift2,seqdrift2,seqdrift2,uq_entropy,error,,,,7201,3,1,0.8782113595333981,0.9501458130815165,0.9756978197472573
uq_entropy_seqdrift2,UQ_detector_matrix,recurring,recurring_sud_sea100k_g08.csv,27299,30799,27299,3500,ecpf_detector_dual_seqdrift2,sudden,detector_warning_drift,dual_seqdrift2,seqdrift2,seqdrift2,uq_entropy,error,,,,3501,4,5,0.9628677520708369,0.9628677520708369,0.9734361610968295
uq_entropy_seqdrift2,UQ_detector_matrix,recurring,recurring_sud_sea100k_g08.csv,31199,37199,31199,6000,ecpf_detector_dual_seqdrift2,sudden,detector_warning_drift,dual_seqdrift2,seqdrift2,seqdrift2,uq_entropy,error,,,,6001,4,1,0.8945175804032661,0.9828361939676721,0.9805032494584236
uq_entropy_seqdrift2,UQ_detector_matrix,recurring,recurring_sud_sea100k_g08.csv,37499,38999,37499,1500,ecpf_detector_dual_seqdrift2,sudden,detector_warning_drift,dual_seqdrift2,seqdrift2,seqdrift2,uq_entropy,error,,,,1501,4,7,0.9686875416389074,0.9686875416389074,0.9633577614923384
uq_entropy_seqdrift2,UQ_detector_matrix,recurring,recurring_sud_sea100k_g08.csv,39599,41999,39599,2400,ecpf_detector_dual_seqdrift2,sudden,detector_warning_drift,dual_seqdrift2,seqdrift2,seqdrift2,uq_entropy,error,,,,2401,4,5,0.8875468554768846,0.9662640566430654,0.9225322782174095
uq_entropy_seqdrift2,UQ_detector_matrix,recurring,recurring_sud_sea100k_g08.csv,43199,48799,43199,5600,ecpf_detector_dual_seqdrift2,sudden,detector_warning_drift,dual_seqdrift2,seqdrift2,seqdrift2,uq_entropy,error,,,,5601,4,9,0.9782181753258347,0.9782181753258347,0.9755400821281914
uq_entropy_seqdrift2,UQ_detector_matrix,recurring,recurring_sud_sea100k_g08.csv,49599,49799,49599,200,ecpf_detector_dual_seqdrift2,sudden,detector_warning_drift,dual_seqdrift2,seqdrift2,seqdrift2,uq_entropy,error,,,,201,4,7,0.900497512437811,0.9800995024875622,0.9253731343283582
uq_entropy_seqdrift2,UQ_detector_matrix,recurring,recurring_sud_sea100k_g09.csv,499,2199,499,1700,ecpf_detector_dual_seqdrift2,sudden,detector_warning_drift,dual_seqdrift2,seqdrift2,seqdrift2,uq_entropy,error,,,,1701,2,0,0.8894767783656673,0.8894767783656673,0.9223985890652557
uq_entropy_seqdrift2,UQ_detector_matrix,recurring,recurring_sud_sea100k_g09.csv,2799,5199,2799,2400,ecpf_detector_dual_seqdrift2,sudden,detector_warning_drift,dual_seqdrift2,seqdrift2,seqdrift2,uq_entropy,error,,,,2401,3,1,0.9075385256143274,0.9075385256143274,0.9333610995418575
uq_entropy_seqdrift2,UQ_detector_matrix,recurring,recurring_sud_sea100k_g09.csv,5999,8199,5999,2200,ecpf_detector_dual_seqdrift2,sudden,detector_warning_drift,dual_seqdrift2,seqdrift2,seqdrift2,uq_entropy,error,,,,2201,4,2,0.9550204452521581,0.9550204452521581,0.9445706497046797
uq_entropy_seqdrift2,UQ_detector_matrix,recurring,recurring_sud_sea100k_g09.csv,8499,11599,8499,3100,ecpf_detector_dual_seqdrift2,sudden,detector_warning_drift,dual_seqdrift2,seqdrift2,seqdrift2,uq_entropy,error,,,,3101,5,3,0.8632699129313125,0.8632699129313125,0.9745243469848436
uq_entropy_seqdrift2,UQ_detector_matrix,recurring,recurring_sud_sea100k_g09.csv,11899,25799,11899,13900,ecpf_detector_dual_seqdrift2,sudden,detector_warning_drift,dual_seqdrift2,seqdrift2,seqdrift2,uq_entropy,error,,,,13901,6,4,0.9749658297964175,0.9749658297964175,0.9805049996403137
uq_entropy_seqdrift2,UQ_detector_matrix,recurring,recurring_sud_sea100k_g09.csv,26699,32999,26699,6300,ecpf_detector_dual_seqdrift2,sudden,detector_warning_drift,dual_seqdrift2,seqdrift2,seqdrift2,uq_entropy,error,,,,6301,7,2,0.9181082367878115,0.9614346929058879,0.9676241866370417
uq_entropy_seqdrift2,UQ_detector_matrix,recurring,recurring_sud_sea100k_g09.csv,33499,38199,33499,4700,ecpf_detector_dual_seqdrift2,sudden,detector_warning_drift,dual_seqdrift2,seqdrift2,seqdrift2,uq_entropy,error,,,,4701,7,6,0.9591576260370134,0.9591576260370134,0.9717081472027228
uq_entropy_seqdrift2,UQ_detector_matrix,recurring,recurring_sud_sea100k_g09.csv,38499,38599,38499,100,ecpf_detector_dual_seqdrift2,sudden,detector_warning_drift,dual_seqdrift2,seqdrift2,seqdrift2,uq_entropy,error,,,,101,8,4,0.7524752475247525,0.9801980198019802,0.8217821782178217
