warning_detector,drift_detector,warning_signal,drift_signal,model_type,files,mean_accuracy,mean_detected_drifts,mean_time_s,total_time_s
seed,seed,error,error,ht,10,0.9544141414141413,0.4,7.256050254100137,72.56050254100137
adwin,adwin,error,error,ht,10,0.9542929292929292,2.5,2.0027862915999997,20.027862915999997
adwin,adwin,uq_entropy,uq_entropy,hf,10,0.9537878787878789,2.1,17.76623807080002,177.66238070800023
seed,adwin,error,uq_mi,hf,10,0.9531868686868685,0.2,15.284241854100037,152.84241854100037
adwin,seqdrift2,error,error,ht,10,0.9530808080808082,1.5,2.25671552480012,22.5671552480012
adwin,adwin,uq_vote,error,hf,10,0.9530353535353535,0.3,12.088017200000001,120.88017200000002
adwin,adwin,uq_vote,uq_vote,hf,10,0.9529040404040405,0.9,14.554542620900019,145.5454262090002
adwin,adwin,uq_entropy,error,hf,10,0.9527929292929291,1.2,13.454373383300027,134.54373383300026
adwin,seqdrift2,uq_mi,uq_mi,hf,10,0.9527020202020202,0.3,15.129187558400053,151.29187558400054
seed,seqdrift2,error,error,ht,10,0.9520555555555555,0.1,4.250660741600041,42.506607416000406
seed,adwin,uq_mi,error,hf,10,0.9520303030303031,0.0,13.837801062500148,138.37801062500148
seed,adwin,uq_mi,uq_mi,hf,10,0.9520303030303031,0.0,15.539733195799636,155.39733195799636
seed,adwin,uq_mi,uq_vote,hf,10,0.9520303030303031,0.0,13.8300361874999,138.300361874999
seed,adwin,uq_mi,uq_entropy,hf,10,0.9520303030303031,0.0,13.708579270899918,137.08579270899918
seed,adwin,uq_vote,error,hf,10,0.9520303030303031,0.0,13.562641545699808,135.62641545699807
seed,adwin,uq_vote,uq_mi,hf,10,0.9520303030303031,0.0,13.86069376660016,138.6069376660016
seed,adwin,uq_vote,uq_vote,hf,10,0.9520303030303031,0.0,13.976689846000227,139.76689846000227
seed,adwin,uq_vote,uq_entropy,hf,10,0.9520303030303031,0.0,13.93253394579997,139.3253394579997
seed,adwin,uq_entropy,error,hf,10,0.9520303030303031,0.0,13.674244258400085,136.74244258400086
seed,adwin,uq_entropy,uq_mi,hf,10,0.9520303030303031,0.0,14.874477295999895,148.74477295999895
seed,adwin,uq_entropy,uq_vote,hf,10,0.9520303030303031,0.0,14.886094912699809,148.8609491269981
seed,adwin,uq_entropy,uq_entropy,hf,10,0.9520303030303031,0.0,15.063297745799991,150.6329774579999
seed,seed,uq_mi,error,hf,10,0.9520303030303031,0.0,17.229457478900166,172.29457478900167
seed,seed,uq_mi,uq_mi,hf,10,0.9520303030303031,0.0,17.85788282500016,178.5788282500016
seed,seed,uq_mi,uq_vote,hf,10,0.9520303030303031,0.0,18.38356328769969,183.8356328769969
seed,seed,uq_mi,uq_entropy,hf,10,0.9520303030303031,0.0,18.520964566499423,185.20964566499424
seed,seed,uq_vote,error,hf,10,0.9520303030303031,0.0,18.356693841599917,183.56693841599918
seed,seed,uq_vote,uq_mi,hf,10,0.9520303030303031,0.0,19.20673203749975,192.0673203749975
seed,seed,uq_vote,uq_vote,hf,10,0.9520303030303031,0.0,19.308875604000058,193.0887560400006
seed,seed,uq_vote,uq_entropy,hf,10,0.9520303030303031,0.0,18.92738727069991,189.2738727069991
seed,seed,uq_entropy,error,hf,10,0.9520303030303031,0.0,18.49183509170016,184.9183509170016
seed,seed,uq_entropy,uq_mi,hf,10,0.9520303030303031,0.0,17.128960599900164,171.28960599900165
seed,seed,uq_entropy,uq_vote,hf,10,0.9520303030303031,0.0,16.70073587930001,167.0073587930001
seed,seed,uq_entropy,uq_entropy,hf,10,0.9520303030303031,0.0,17.750403300099606,177.50403300099606
seed,seqdrift2,uq_mi,error,hf,10,0.9520303030303031,0.0,13.633032858299885,136.33032858299885
seed,seqdrift2,uq_mi,uq_mi,hf,10,0.9520303030303031,0.0,13.752760095799932,137.5276009579993
seed,seqdrift2,uq_mi,uq_vote,hf,10,0.9520303030303031,0.0,13.78120385409984,137.8120385409984
seed,seqdrift2,uq_mi,uq_entropy,hf,10,0.9520303030303031,0.0,13.477888808499666,134.77888808499665
seed,seqdrift2,uq_vote,error,hf,10,0.9520303030303031,0.0,13.579520287699598,135.79520287699597
seed,seqdrift2,uq_vote,uq_mi,hf,10,0.9520303030303031,0.0,13.66231889180035,136.6231889180035
seed,seqdrift2,uq_vote,uq_vote,hf,10,0.9520303030303031,0.0,13.74557046669961,137.4557046669961
seed,seqdrift2,uq_vote,uq_entropy,hf,10,0.9520303030303031,0.0,13.466414937599803,134.66414937599802
seed,seqdrift2,uq_entropy,error,hf,10,0.9520303030303031,0.0,13.455108012500386,134.55108012500386
seed,seqdrift2,uq_entropy,uq_mi,hf,10,0.9520303030303031,0.0,13.676544975100114,136.76544975100114
seed,seqdrift2,uq_entropy,uq_vote,hf,10,0.9520303030303031,0.0,13.84627662490002,138.4627662490002
seed,seqdrift2,uq_entropy,uq_entropy,hf,10,0.9520303030303031,0.0,13.503295178900043,135.03295178900044
seed,adwin,error,error,ht,10,0.9519040404040403,0.1,5.705919058299969,57.05919058299969
adwin,adwin,uq_vote,uq_entropy,hf,10,0.9517424242424243,0.2,12.347355962400048,123.47355962400047
adwin,seqdrift2,uq_entropy,error,hf,10,0.9510151515151515,1.3,13.608501470699867,136.08501470699866
adwin,seqdrift2,uq_entropy,uq_mi,hf,10,0.9509949494949496,0.3,12.094723320699813,120.94723320699813
adwin,seqdrift2,uq_mi,error,hf,10,0.9508383838383837,1.0,19.772985458499896,197.72985458499898
adwin,adwin,uq_vote,uq_mi,hf,10,0.9504595959595961,0.3,11.711446487499984,117.11446487499984
adwin,adwin,uq_mi,error,hf,10,0.9502373737373737,1.1,13.5763693708,135.763693708
seed,seqdrift2,error,uq_entropy,hf,10,0.9500707070707071,0.2,13.508831650100365,135.08831650100365
adwin,seqdrift2,error,uq_entropy,hf,10,0.9500656565656567,1.4,14.439273091800032,144.39273091800032
adwin,seqdrift2,uq_vote,error,hf,10,0.9499848484848485,0.3,12.618163900000217,126.18163900000218
adwin,seqdrift2,uq_vote,uq_mi,hf,10,0.948909090909091,0.1,10.609302087599918,106.09302087599917
seqdrift2,seqdrift2,error,error,ht,10,0.9488484848484848,4.0,2.0611195707995646,20.61119570799565
seqdrift2,seqdrift2,uq_vote,error,hf,10,0.9487171717171716,4.1,12.886973850099821,128.8697385009982
adwin,seqdrift2,uq_mi,uq_entropy,hf,10,0.948479797979798,0.7,16.631328954099992,166.3132895409999
adwin,seqdrift2,uq_entropy,uq_entropy,hf,10,0.9476212121212122,0.7,16.08001703330001,160.8001703330001
adwin,seqdrift2,uq_vote,uq_vote,hf,10,0.9470353535353535,0.3,10.759197887600113,107.59197887600112
adwin,seqdrift2,uq_vote,uq_entropy,hf,10,0.9465202020202022,0.1,10.60298616709997,106.02986167099971
seqdrift2,seqdrift2,uq_mi,error,hf,10,0.9462171717171717,3.8,16.836803608299853,168.36803608299851
adwin,seqdrift2,error,uq_vote,hf,10,0.9451161616161616,1.2,12.441514570899972,124.41514570899972
adwin,seqdrift2,uq_entropy,uq_vote,hf,10,0.9445050505050505,0.6,11.761345558500125,117.61345558500125
adwin,seed,uq_vote,error,hf,10,0.9441464646464646,0.0,11.30199535429997,113.0199535429997
seed,adwin,error,uq_vote,hf,10,0.9423686868686868,0.0,12.312952587400014,123.12952587400014
seed,seed,error,uq_mi,hf,10,0.9423686868686868,0.0,16.81067871259993,168.1067871259993
seed,seed,error,uq_vote,hf,10,0.9423686868686868,0.0,16.37697272500018,163.76972725000178
seed,seed,error,uq_entropy,hf,10,0.9423686868686868,0.0,15.142859891700118,151.42859891700118
seed,seqdrift2,error,uq_mi,hf,10,0.9423686868686868,0.0,12.507176933199844,125.07176933199844
seed,seqdrift2,error,uq_vote,hf,10,0.9423686868686868,0.0,13.636208025000268,136.3620802500027
seqdrift2,seqdrift2,uq_entropy,error,hf,10,0.9423434343434343,4.4,12.784915271000136,127.84915271000136
seed,adwin,error,uq_entropy,hf,10,0.9421515151515152,0.0,12.797718945799716,127.97718945799716
adwin,seed,uq_vote,uq_mi,hf,10,0.9421161616161617,0.0,10.174421083400057,101.74421083400057
adwin,seed,uq_vote,uq_vote,hf,10,0.9421161616161617,0.0,10.833022670700075,108.33022670700075
adwin,seed,uq_vote,uq_entropy,hf,10,0.9421161616161617,0.0,12.390429583500099,123.904295835001
seqdrift2,adwin,error,error,ht,10,0.9419191919191918,1.4,1.7248709208997752,17.248709208997752
adwin,adwin,uq_mi,uq_mi,hf,10,0.9413080808080808,1.7,15.312492741700003,153.12492741700004
seqdrift2,seqdrift2,uq_entropy,uq_entropy,hf,10,0.9407626262626263,4.2,11.788084716699814,117.88084716699814
seqdrift2,seqdrift2,uq_vote,uq_entropy,hf,10,0.9388333333333334,4.5,11.247154145800232,112.47154145800232
adwin,adwin,uq_entropy,uq_mi,hf,10,0.9378737373737372,0.3,8.931069541600005,89.31069541600004
adwin,seed,error,error,ht,10,0.9372626262626265,0.3,4.1951583917000335,41.951583917000335
seqdrift2,seed,error,error,ht,10,0.9369444444444444,0.5,4.243227729299724,42.43227729299724
adwin,seed,uq_mi,error,hf,10,0.9368787878787881,0.4,12.983020199999965,129.83020199999964
adwin,adwin,error,uq_entropy,hf,10,0.9367929292929293,0.6,8.907752824900005,89.07752824900004
adwin,seqdrift2,error,uq_mi,hf,10,0.9361717171717172,0.3,10.263436745999979,102.6343674599998
adwin,adwin,uq_mi,uq_entropy,hf,10,0.9356565656565656,0.5,11.182345150000026,111.82345150000026
adwin,adwin,uq_entropy,uq_vote,hf,10,0.9349545454545455,0.5,9.609478158399998,96.09478158399997
adwin,seed,uq_entropy,error,hf,10,0.9342525252525252,0.3,9.810741429100016,98.10741429100017
seqdrift2,seqdrift2,uq_mi,uq_entropy,hf,10,0.933510101010101,3.6,11.371155158400143,113.71155158400143
seqdrift2,adwin,uq_mi,error,hf,10,0.9332575757575757,1.7,8.159066795800026,81.59066795800027
adwin,seqdrift2,uq_mi,uq_vote,hf,10,0.9317171717171717,0.3,10.946968608199995,109.46968608199995
adwin,adwin,uq_mi,uq_vote,hf,10,0.9302878787878788,0.5,9.339850129200011,93.3985012920001
adwin,adwin,error,uq_mi,hf,10,0.9300656565656565,0.5,8.620353071,86.20353071000001
seqdrift2,seqdrift2,error,uq_entropy,hf,10,0.9297373737373738,3.2,15.019786770900463,150.19786770900464
adwin,seed,uq_entropy,uq_mi,hf,10,0.9292626262626262,0.0,7.811727891599958,78.11727891599958
adwin,seed,uq_entropy,uq_vote,hf,10,0.9292626262626262,0.0,7.695091183500063,76.95091183500062
adwin,seed,uq_entropy,uq_entropy,hf,10,0.9292626262626262,0.0,7.95270317490008,79.5270317490008
adwin,adwin,error,uq_vote,hf,10,0.9290050505050506,0.2,6.064075287699997,60.64075287699997
adwin,seed,error,uq_mi,hf,10,0.9266919191919192,0.0,9.942281629299988,99.42281629299987
adwin,seed,error,uq_vote,hf,10,0.9266919191919192,0.0,9.83359376259998,98.3359376259998
adwin,seed,error,uq_entropy,hf,10,0.9266919191919192,0.0,8.3514364957,83.514364957
adwin,seed,uq_mi,uq_mi,hf,10,0.9246313131313132,0.0,9.394437016700067,93.94437016700067
adwin,seed,uq_mi,uq_vote,hf,10,0.9246313131313132,0.0,10.175199266600021,101.7519926660002
adwin,seed,uq_mi,uq_entropy,hf,10,0.9246313131313132,0.0,10.526724279199971,105.2672427919997
seqdrift2,adwin,uq_entropy,error,hf,10,0.9215959595959596,1.8,9.367474008400132,93.67474008400131
seqdrift2,adwin,uq_vote,error,hf,10,0.921378787878788,1.5,9.649955158299964,96.49955158299963
seqdrift2,seqdrift2,error,uq_vote,hf,10,0.918949494949495,1.9,9.562366449899674,95.62366449899673
seqdrift2,adwin,error,uq_entropy,hf,10,0.9153585858585858,0.5,3.667244329100322,36.67244329100322
seqdrift2,seqdrift2,uq_mi,uq_vote,hf,10,0.9143383838383838,1.9,7.764528671000335,77.64528671000335
seqdrift2,seqdrift2,uq_entropy,uq_vote,hf,10,0.9142171717171717,1.1,7.007278250199851,70.07278250199852
seqdrift2,seqdrift2,uq_vote,uq_vote,hf,10,0.9137474747474748,1.3,7.791154545800237,77.91154545800237
seqdrift2,seqdrift2,uq_mi,uq_mi,hf,10,0.912949494949495,0.9,5.175697579100051,51.756975791000514
seqdrift2,seed,uq_entropy,error,hf,10,0.9116868686868687,0.3,7.502676216600048,75.02676216600048
seqdrift2,seqdrift2,error,uq_mi,hf,10,0.911378787878788,0.7,4.105669737699827,41.05669737699827
seqdrift2,seqdrift2,uq_vote,uq_mi,hf,10,0.9113585858585858,0.8,4.142005187500399,41.42005187500399
seqdrift2,adwin,error,uq_mi,hf,10,0.9105505050505049,0.3,3.362551928799985,33.62551928799985
seqdrift2,seqdrift2,uq_entropy,uq_mi,hf,10,0.9080101010101009,0.6,4.942223008100155,49.422230081001544
seqdrift2,seed,uq_vote,error,hf,10,0.9076161616161617,0.4,7.617418395899767,76.17418395899767
seqdrift2,adwin,uq_vote,uq_mi,hf,10,0.9071767676767676,0.3,3.5847469958001965,35.847469958001966
seqdrift2,adwin,uq_mi,uq_mi,hf,10,0.9055959595959596,0.2,3.4266440291001343,34.266440291001345
seqdrift2,adwin,error,uq_vote,hf,10,0.9044595959595959,0.1,3.0540224249994936,30.540224249994935
seqdrift2,seed,uq_mi,error,hf,10,0.9038333333333334,0.3,7.1108428415996965,71.10842841599697
seqdrift2,seed,error,uq_mi,hf,10,0.9037727272727272,0.0,5.994305316700047,59.94305316700047
seqdrift2,seed,error,uq_vote,hf,10,0.9037727272727272,0.0,7.055842775000019,70.55842775000019
seqdrift2,seed,error,uq_entropy,hf,10,0.9037727272727272,0.0,6.382557308299693,63.825573082996925
seqdrift2,adwin,uq_vote,uq_entropy,hf,10,0.9036969696969696,0.3,4.152847779200056,41.52847779200056
seqdrift2,adwin,uq_mi,uq_entropy,hf,10,0.9012323232323232,0.1,2.943848762700327,29.43848762700327
seqdrift2,adwin,uq_entropy,uq_vote,hf,10,0.8999040404040402,0.1,3.823727037500066,38.23727037500066
seqdrift2,adwin,uq_entropy,uq_mi,hf,10,0.8986414141414141,0.0,2.9913370707005016,29.913370707005015
seqdrift2,seed,uq_entropy,uq_mi,hf,10,0.89860101010101,0.0,5.962618741699589,59.62618741699589
seqdrift2,seed,uq_entropy,uq_vote,hf,10,0.89860101010101,0.0,5.820723545900182,58.20723545900182
seqdrift2,seed,uq_entropy,uq_entropy,hf,10,0.89860101010101,0.0,5.952066420700066,59.520664207000664
seqdrift2,adwin,uq_entropy,uq_entropy,hf,10,0.8985454545454544,0.0,2.9149908126995796,29.149908126995797
seqdrift2,adwin,uq_vote,uq_vote,hf,10,0.8966111111111111,0.1,3.576670470800309,35.76670470800309
seqdrift2,seed,uq_vote,uq_mi,hf,10,0.8947020202020202,0.0,5.9110875958002,59.110875958002
seqdrift2,seed,uq_vote,uq_vote,hf,10,0.8947020202020202,0.0,6.071786387500106,60.71786387500106
seqdrift2,seed,uq_vote,uq_entropy,hf,10,0.8947020202020202,0.0,6.111986549999893,61.11986549999892
seqdrift2,adwin,uq_mi,uq_vote,hf,10,0.8939242424242424,0.1,3.1990282208997085,31.990282208997087
seqdrift2,seed,uq_mi,uq_mi,hf,10,0.8931363636363635,0.0,6.256621212700156,62.56621212700156
seqdrift2,seed,uq_mi,uq_vote,hf,10,0.8931363636363635,0.0,6.0596992458999015,60.59699245899901
seqdrift2,seed,uq_mi,uq_entropy,hf,10,0.8931363636363635,0.0,5.824076299900298,58.24076299900298
